,Partner Franchisee ID,Partner Known As,Favor ID,Requested (CDT) Time,Name and Location,Runner Rating,Item Rating,Comment,Receipt Link,Items Cost,Commission,Time to Merchant,Time at Merchant,Time from Merch to Customer
1,,,17986834,2019-05-16 08:24:35,Bill Miller BBQ - 8103 Burnet Road,,,,,$65.66,$9.10,,,
2,,,17986468,2019-05-16 07:40:32,Bill Miller BBQ - 709 East Ben White Boulevard,,,,,$23.34,$3.23,,,
3,,,17986383,2019-05-16 07:18:49,Bill Miller BBQ - 136 West Slaughter Lane,,,,,$63.42,$8.79,,,
4,,,17983197,2019-05-15 20:13:54,Laguna Madre Seafood Company - 10614 Westover Hills Boulevard,,,,http://cdn.askfavor.com/orders/17983197/image-5cdcc342284c5.jpg,$10.77,$1.49,24.5,33.4,0.1
5,,,17981996,2019-05-15 19:38:50,Bill Miller BBQ - 136 West Slaughter Lane,,,,http://cdn.askfavor.com/orders/17981996/image-5cdcb42a90b97.jpg,$22.01,$3.05,5.1,10.4,11.6
6,,,17979549,2019-05-15 18:38:30,Laguna Madre Seafood Company - 18195 U.S. 281,,,,http://cdn.askfavor.com/orders/17979549/image-5cdca7bb97d53.jpg,$22.03,$3.05,15.5,8.2,12.0
7,,,17978377,2019-05-15 18:08:09,Bill Miller BBQ - 709 East Ben White Boulevard,,,,http://cdn.askfavor.com/orders/17978377/image-5cdc9fa990382.jpg,$16.35,$2.27,6.1,9.7,18.5
8,,,17977661,2019-05-15 17:46:20,Bill Miller BBQ - 136 West Slaughter Lane,,,,http://cdn.askfavor.com/orders/17977661/image-5cdc9a55d1290.jpg,$18.57,$2.57,10.8,8.9,10.9
9,,,17977478,2019-05-15 17:41:36,Laguna Madre Seafood Company - 5123 Rigsby Avenue,,,,http://cdn.askfavor.com/orders/17977478/image-5cdc99e74a74c.jpg,$32.42,$4.49,17.6,0.5,14.6
10,,,17976463,2019-05-15 17:06:57,Bill Miller BBQ - 14718 North Interstate 35 Frontage Road,,,,http://cdn.askfavor.com/orders/17976463/image-5cdc9482a4d1f.jpg,$12.15,$1.68,23.3,2.6,0.5
11,,,17975926,2019-05-15 16:44:06,Bill Miller BBQ - 709 East Ben White Boulevard,,,,http://cdn.askfavor.com/orders/17975926/image-5cdc8e361e0b6.jpg,$25.59,$3.55,16.5,9.3,9.8
12,,,17975681,2019-05-15 16:31:57,Bill Miller BBQ - 709 East Ben White Boulevard,,,,http://cdn.askfavor.com/orders/17975681/image-5cdc8a3ce30a8.jpg,$10.45,$1.45,20.1,1.6,7.0
13,,,17975307,2019-05-15 16:10:49,Laguna Madre Seafood Company - 18195 U.S. 281,,,,http://cdn.askfavor.com/orders/17975307/image-5cdc84ad2e457.jpg,$7.84,$1.09,13.9,3.5,19.4
14,,,17974678,2019-05-15 15:30:56,Bill Miller BBQ - 8103 Burnet Road,5.00,5.00,,http://cdn.askfavor.com/orders/17974678/image-5cdc7998d7856.jpg,$7.97,$1.10,3.5,8.0,16.0
15,,,17973351,2019-05-15 14:01:34,Bill Miller BBQ - 8103 Burnet Road,5.00,4.00,,http://cdn.askfavor.com/orders/17973351/image-5cdc67de1b7c2.jpg,$16.97,$2.35,22.8,1.1,21.2
16,,,17972646,2019-05-15 13:23:21,Bill Miller BBQ - 14718 North Interstate 35 Frontage Road,5.00,5.00,,http://cdn.askfavor.com/orders/17972646/image-5cdc5b8875c4f.jpg,$21.54,$2.98,4.4,5.7,7.8
17,,,17972299,2019-05-15 13:06:14,Bill Miller BBQ - 14718 North Interstate 35 Frontage Road,,,,http://cdn.askfavor.com/orders/17972299/image-5cdc5757d1c29.jpg,$6.01,$0.83,7.4,2.3,10.4
18,,,17971647,2019-05-15 12:38:24,Bill Miller BBQ - 136 West Slaughter Lane,,,,http://cdn.askfavor.com/orders/17971647/image-5cdc511c94b22.jpg,$16.78,$2.33,2.6,7.8,19.8
19,,,17971527,2019-05-15 12:34:16,Bill Miller BBQ - 709 East Ben White Boulevard,5.00,5.00,,http://cdn.askfavor.com/orders/17971527/image-5cdc5b6d8411f.jpg,$9.82,$1.36,57.7,0.2,9.0
20,,,17971015,2019-05-15 12:15:52,Bill Miller BBQ - 8103 Burnet Road,,,,http://cdn.askfavor.com/orders/17971015/image-5cdc4c0b10385.jpg,$16.25,$2.25,7.8,4.1,8.2
21,,,17970049,2019-05-15 11:44:48,Laguna Madre Seafood Company - 10614 Westover Hills Boulevard,5.00,5.00,,http://cdn.askfavor.com/orders/17970049/image-5cdc4a841953b.jpg,$18.84,$2.61,23.4,24.5,9.1
22,,,17969028,2019-05-15 11:13:26,Bill Miller BBQ - 14718 North Interstate 35 Frontage Road,,,,http://cdn.askfavor.com/orders/17969028/image-5cdc3de446ba0.jpg,$13.89,$1.92,6.5,7.4,10.9
23,,,17968475,2019-05-15 10:56:04,Laguna Madre Seafood Company - 10614 Westover Hills Boulevard,5.00,5.00,,http://cdn.askfavor.com/orders/17968475/image-5cdc39b53115e.jpg,$36.43,$5.05,9.8,3.3,27.8
24,,,17968401,2019-05-15 10:51:25,Bill Miller BBQ - 8103 Burnet Road,,,,http://cdn.askfavor.com/orders/17968401/image-5cdc38def051f.jpg,$7.60,$1.05,10.7,4.3,4.1
25,,,17968278,2019-05-15 10:44:32,Bill Miller BBQ - 8103 Burnet Road,,,,http://cdn.askfavor.com/orders/17968278/image-5cdc357a56b10.jpg,$7.50,$1.04,2.4,4.5,8.0
26,,,17968232,2019-05-15 10:40:51,Bill Miller BBQ - 14718 North Interstate 35 Frontage Road,,,,http://cdn.askfavor.com/orders/17968232/image-5cdc36bee7243.jpg,$13.04,$1.81,14.3,0.8,8.7
27,,,17967944,2019-05-15 10:19:42,Bill Miller BBQ - 709 East Ben White Boulevard,,,,http://cdn.askfavor.com/orders/17967944/image-5cdc31436c407.jpg,$7.50,$1.04,6.5,7.0,4.6
28,,,17967702,2019-05-15 09:54:09,Bill Miller BBQ - 8103 Burnet Road,,,,http://cdn.askfavor.com/orders/17967702/image-5cdc2e1f50315.jpg,$29.52,$4.09,2.7,23.1,12.2
29,,,17967540,2019-05-15 09:37:36,Bill Miller BBQ - 8103 Burnet Road,,,,http://cdn.askfavor.com/orders/17967540/image-5cdc2719dcb5d.jpg,$12.47,$1.73,7.1,8.2,3.7
30,,,17967298,2019-05-15 09:14:55,Bill Miller BBQ - 8103 Burnet Road,,,,http://cdn.askfavor.com/orders/17967298/image-5cdc23006caed.jpg,$11.43,$1.58,12.3,5.7,10.9
31,,,17967284,2019-05-15 09:13:12,Bill Miller BBQ - 1651 West Whitestone Boulevard,5.00,4.00,,http://cdn.askfavor.com/orders/17967284/image-5cdc21b2ba154.jpg,$9.33,$1.29,10.4,2.9,23.4
32,,,17966972,2019-05-15 08:37:35,Bill Miller BBQ - 14718 North Interstate 35 Frontage Road,,,,http://cdn.askfavor.com/orders/17966972/image-5cdc1c9686888.jpg,$10.67,$1.48,7.6,8.1,12.7
33,,,17966914,2019-05-15 08:30:07,Bill Miller BBQ - 14718 North Interstate 35 Frontage Road,,,,http://cdn.askfavor.com/orders/17966914/image-5cdc1fefcfff1.jpg,$16.35,$2.27,35.7,5.5,17.0
34,,,17966665,2019-05-15 08:01:56,Bill Miller BBQ - 8103 Burnet Road,,,,http://cdn.askfavor.com/orders/17966665/image-5cdc196b67270.jpg,$6.37,$0.88,11.5,15.2,0.2
35,,,17966611,2019-05-15 07:59:57,Bill Miller BBQ - 8103 Burnet Road,,,,http://cdn.askfavor.com/orders/17966611/image-5cdc19a109710.jpg,$6.95,$0.96,16.8,3.2,13.2
36,,,17966601,2019-05-15 07:55:44,Bill Miller BBQ - 8103 Burnet Road,4.00,4.00,,http://cdn.askfavor.com/orders/17966601/image-5cdc195244eda.jpg,$12.73,$1.76,11.4,15.5,11.0
37,,,17966590,2019-05-15 07:51:57,Bill Miller BBQ - 14718 North Interstate 35 Frontage Road,,,,http://cdn.askfavor.com/orders/17966590/image-5cdc0fab4cfad.jpg,$20.97,$2.91,10.7,6.8,25.0
38,,,17966570,2019-05-15 07:46:22,Bill Miller BBQ - 8700 U.S. 290,,,,http://cdn.askfavor.com/orders/17966570/image-5cdc1170cc545.jpg,$35.10,$4.86,15.7,7.3,7.6
39,,,17966535,2019-05-15 07:33:19,Bill Miller BBQ - 8103 Burnet Road,,,,http://cdn.askfavor.com/orders/17966535/image-5cdc120ae6850.jpg,$20.15,$2.79,11.6,6.7,20.5
40,,,17963743,2019-05-14 20:23:59,Bill Miller BBQ - 136 West Slaughter Lane,,,,http://cdn.askfavor.com/orders/17963743/image-5cdb6d6dcc958.jpg,$24.90,$3.45,5.6,7.1,6.9
41,,,17961974,2019-05-14 19:31:47,Bill Miller BBQ - 14718 North Interstate 35 Frontage Road,,,,http://cdn.askfavor.com/orders/17961974/image-5cdb612edd2b7.jpg,$27.81,$3.85,7.9,15.5,12.0
42,,,17961363,2019-05-14 19:15:44,Bill Miller BBQ - 14718 North Interstate 35 Frontage Road,5.00,5.00,,http://cdn.askfavor.com/orders/17961363/image-5cdb5ff8cfce2.jpg,$26.00,$3.60,9.6,11.9,10.4
43,,,17960973,2019-05-14 19:05:32,Bill Miller BBQ - 8700 U.S. 290,,,,http://cdn.askfavor.com/orders/17960973/image-5cdb5de27ddfc.jpg,$6.65,$0.92,16.1,8.4,2.7
44,,,17959560,2019-05-14 18:28:22,Bill Miller BBQ - 1651 West Whitestone Boulevard,5.00,5.00,,http://cdn.askfavor.com/orders/17959560/image-5cdb566137dfa.jpg,$34.94,$4.84,28.9,4.7,22.2
45,,,17955110,2019-05-14 15:09:03,Bill Miller BBQ - 709 East Ben White Boulevard,5.00,5.00,,http://cdn.askfavor.com/orders/17955110/image-5cdb268db4e90.jpg,$17.86,$2.47,17.4,23.8,0.0
46,,,17954757,2019-05-14 14:40:52,Bill Miller BBQ - 709 East Ben White Boulevard,5.00,5.00,,http://cdn.askfavor.com/orders/17954757/image-5cdb24a002b09.jpg,$8.01,$1.11,11.4,3.2,8.2
47,,,17953681,2019-05-14 13:35:58,Bill Miller BBQ - 709 East Ben White Boulevard,,,,http://cdn.askfavor.com/orders/17953681/image-5cdb0e326a94b.jpg,$19.86,$2.75,8.2,6.0,7.5
48,,,17952119,2019-05-14 12:27:32,Bill Miller BBQ - 136 West Slaughter Lane,,,,http://cdn.askfavor.com/orders/17952119/image-5cdafcc772239.jpg,$7.50,$1.04,9.2,2.9,7.6
49,,,17950858,2019-05-14 11:44:39,Bill Miller BBQ - 136 West Slaughter Lane,,,,http://cdn.askfavor.com/orders/17950858/image-5cdaf37bccc5d.jpg,$5.63,$0.78,7.3,5.0,11.6
50,,,17950571,2019-05-14 11:34:27,Bill Miller BBQ - 8700 U.S. 290,,,,http://cdn.askfavor.com/orders/17950571/image-5cdaf45a8b273.jpg,$43.32,$6.00,25.0,1.7,15.5
51,,,17949969,2019-05-14 11:17:12,Bill Miller BBQ - 709 East Ben White Boulevard,1.00,1.00,Did not complete the order properly. Ordered 2X the same order and only received one. Didn’t think I should’ve paid the tip,http://cdn.askfavor.com/orders/17949969/image-5cdaeea6020db.jpg,$7.25,$1.00,18.6,9.2,19.4
52,,,17949237,2019-05-14 10:49:04,Bill Miller BBQ - 8103 Burnet Road,,,,http://cdn.askfavor.com/orders/17949237/image-5cdae5c160c86.jpg,$14.58,$2.02,3.3,7.3,8.3
53,,,17949045,2019-05-14 10:36:27,Bill Miller BBQ - 709 East Ben White Boulevard,5.00,5.00,,http://cdn.askfavor.com/orders/17949045/image-5cdae68fa9622.jpg,$8.44,$1.17,16.6,12.1,16.5
54,,,17948848,2019-05-14 10:20:01,Bill Miller BBQ - 709 East Ben White Boulevard,,,,http://cdn.askfavor.com/orders/17948848/image-5cdadf051260d.jpg,$21.31,$2.95,9.2,0.9,13.5
55,,,17948832,2019-05-14 10:18:10,Bill Miller BBQ - 14718 North Interstate 35 Frontage Road,,,,http://cdn.askfavor.com/orders/17948832/image-5cdadf5c9e71a.jpg,$14.24,$1.97,9.3,13.4,20.4
56,,,17948514,2019-05-14 09:43:42,Bill Miller BBQ - 1651 West Whitestone Boulevard,,,,http://cdn.askfavor.com/orders/17948514/image-5cdad7a0aa2a3.jpg,$26.11,$3.62,9.1,5.3,7.7
57,,,17948314,2019-05-14 09:25:33,Bill Miller BBQ - 136 West Slaughter Lane,5.00,5.00,,http://cdn.askfavor.com/orders/17948314/image-5cdad7129acca.jpg,$16.18,$2.24,13.0,17.2,9.3
58,,,17948103,2019-05-14 09:03:57,Bill Miller BBQ - 1651 West Whitestone Boulevard,,,,http://cdn.askfavor.com/orders/17948103/image-5cdad0c5e8fb8.jpg,$11.32,$1.57,16.8,8.2,12.4
59,,,17948090,2019-05-14 09:01:49,Bill Miller BBQ - 709 East Ben White Boulevard,1.00,1.00,Food was on time but my order was completely wrong . I felt like the way I selected the item and added what I wanted was laid out very well.,http://cdn.askfavor.com/orders/17948090/image-5cdace93af26a.jpg,$14.73,$2.04,16.0,19.3,0.1
60,,,17948082,2019-05-14 09:00:24,Bill Miller BBQ - 8700 U.S. 290,4.00,4.00,,http://cdn.askfavor.com/orders/17948082/image-5cdacee7bc8dc.jpg,$3.88,$0.54,14.9,9.2,8.9
61,,,17947780,2019-05-14 08:20:51,Bill Miller BBQ - 8700 U.S. 290,,,,http://cdn.askfavor.com/orders/17947780/image-5cdac4afc7fc5.jpg,$15.97,$2.21,9.4,7.4,3.4
62,,,17947740,2019-05-14 08:13:48,Bill Miller BBQ - 1651 West Whitestone Boulevard,,,,http://cdn.askfavor.com/orders/17947740/image-5cdac107b9916.jpg,$18.13,$2.51,4.6,4.3,13.5
63,,,17947725,2019-05-14 08:11:53,Bill Miller BBQ - 136 West Slaughter Lane,5.00,5.00,,http://cdn.askfavor.com/orders/17947725/image-5cdac21c251f9.jpg,$12.41,$1.72,10.2,4.4,8.5
64,,,17947509,2019-05-14 07:32:24,Bill Miller BBQ - 136 West Slaughter Lane,5.00,5.00,,http://cdn.askfavor.com/orders/17947509/image-5cdabfa2c0086.jpg,$12.18,$1.69,19.2,4.2,6.1
65,,,17947508,2019-05-14 07:32:16,Bill Miller BBQ - 8103 Burnet Road,,,,http://cdn.askfavor.com/orders/17947508/image-5cdabd126ac6d.jpg,$7.44,$1.03,25.0,5.8,13.9
66,,,17947503,2019-05-14 07:31:45,Bill Miller BBQ - 14718 North Interstate 35 Frontage Road,5.00,5.00,,http://cdn.askfavor.com/orders/17947503/image-5cdac00e2a05f.jpg,$7.56,$1.05,18.8,2.6,11.4
67,,,17947440,2019-05-14 07:14:58,Bill Miller BBQ - 14718 North Interstate 35 Frontage Road,,,,http://cdn.askfavor.com/orders/17947440/image-5cdab59f25dd0.jpg,$6.77,$0.94,8.6,11.1,5.5
68,,,17944412,2019-05-13 20:13:46,Laguna Madre Seafood Company - 10614 Westover Hills Boulevard,,,,http://cdn.askfavor.com/orders/17944412/image-5cda1dfceb36d.jpg,$25.11,$3.48,18.1,3.0,10.7
69,,,17943267,2019-05-13 19:34:33,Bill Miller BBQ - 14718 North Interstate 35 Frontage Road,,,,http://cdn.askfavor.com/orders/17943267/image-5cda18bc56f71.jpg,$26.62,$3.69,39.7,3.3,9.7
70,,,17942816,2019-05-13 19:23:32,Bill Miller BBQ - 136 West Slaughter Lane,,,,http://cdn.askfavor.com/orders/17942816/image-5cda107fc5b37.jpg,$19.92,$2.76,8.3,12.1,6.1
71,,,17941615,2019-05-13 18:50:56,Bill Miller BBQ - 1646 Main Street #3393,,,,http://cdn.askfavor.com/orders/17941615/image-5cda080cbac1e.jpg,$10.12,$1.40,12.9,5.8,6.0
72,,,17941244,2019-05-13 18:42:01,Bill Miller BBQ - 136 West Slaughter Lane,,,,http://cdn.askfavor.com/orders/17941244/image-5cda04598778e.jpg,$18.24,$2.53,1.3,13.8,9.7
73,,,17940771,2019-05-13 18:29:11,Bill Miller BBQ - 14718 North Interstate 35 Frontage Road,,,,http://cdn.askfavor.com/orders/17940771/image-5cda030ab818b.jpg,$18.32,$2.54,12.3,9.6,24.6
74,,,17936937,2019-05-13 16:00:42,Bill Miller BBQ - 136 West Slaughter Lane,5.00,5.00,,http://cdn.askfavor.com/orders/17936937/image-5cd9de0dcc209.jpg,$12.72,$1.76,7.7,5.2,8.7
75,,,17936058,2019-05-13 14:56:17,Laguna Madre Seafood Company - 18195 U.S. 281,5.00,5.00,,http://cdn.askfavor.com/orders/17936058/image-5cd9d736d5b7c.jpg,$15.31,$2.12,25.2,11.3,12.3
76,,,17934756,2019-05-13 13:34:38,Bill Miller BBQ - 136 West Slaughter Lane,5.00,5.00,,http://cdn.askfavor.com/orders/17934756/image-5cd9bcf5de6ff.jpg,$12.72,$1.76,10.6,7.1,5.3
77,,,17934212,2019-05-13 13:08:03,Bill Miller BBQ - 709 East Ben White Boulevard,5.00,5.00,,http://cdn.askfavor.com/orders/17934212/image-5cd9bb6f0a74e.jpg,$10.72,$1.49,32.0,2.5,13.3
78,,,17932906,2019-05-13 12:14:35,Bill Miller BBQ - 14718 North Interstate 35 Frontage Road,,,,http://cdn.askfavor.com/orders/17932906/image-5cd9ad85b60c5.jpg,$10.18,$1.41,15.7,6.0,7.5
79,,,17932040,2019-05-13 11:44:46,Bill Miller BBQ - 14718 North Interstate 35 Frontage Road,,,,http://cdn.askfavor.com/orders/17932040/image-5cd9a6607c97a.jpg,$30.78,$4.27,26.1,5.3,15.2
80,,,17931993,2019-05-13 11:43:19,Bill Miller BBQ - 8103 Burnet Road,,,,http://cdn.askfavor.com/orders/17931993/image-5cd9aa203f68e.jpg,$12.72,$1.76,48.3,0.6,7.7
81,,,17931899,2019-05-13 11:40:05,Bill Miller BBQ - 709 East Ben White Boulevard,5.00,5.00,,http://cdn.askfavor.com/orders/17931899/image-5cd9a5c982d8b.jpg,$21.80,$3.02,19.7,13.1,14.7
82,,,17930959,2019-05-13 11:11:51,Bill Miller BBQ - 709 East Ben White Boulevard,,,,http://cdn.askfavor.com/orders/17930959/image-5cd99b14e07a4.jpg,$39.73,$5.51,11.6,21.1,0.1
83,,,17930372,2019-05-13 10:46:38,Bill Miller BBQ - 8700 U.S. 290,5.00,5.00,,http://cdn.askfavor.com/orders/17930372/image-5cd9957e4fc6b.jpg,$8.11,$1.12,17.1,0.5,7.4
84,,,17930309,2019-05-13 10:44:57,Laguna Madre Seafood Company - 10614 Westover Hills Boulevard,,,,http://cdn.askfavor.com/orders/17930309/image-5cd99b5cf0323.jpg,$33.99,$4.71,26.3,6.6,13.3
85,,,17930119,2019-05-13 10:31:05,Bill Miller BBQ - 8103 Burnet Road,5.00,2.00,incorrect items,http://cdn.askfavor.com/orders/17930119/image-5cd990decbbcf.jpg,$14.78,$2.05,5.6,8.3,0.1
86,,,17929826,2019-05-13 10:01:30,Bill Miller BBQ - 709 East Ben White Boulevard,,,,http://cdn.askfavor.com/orders/17929826/image-5cd98c9874d9e.jpg,$6.79,$0.94,13.7,7.6,18.3
87,,,17929794,2019-05-13 09:59:01,Bill Miller BBQ - 709 East Ben White Boulevard,5.00,5.00,,http://cdn.askfavor.com/orders/17929794/image-5cd98abae08ec.jpg,$8.02,$1.11,12.8,1.1,10.2
88,,,17929775,2019-05-13 09:56:55,Bill Miller BBQ - 14718 North Interstate 35 Frontage Road,,,,http://cdn.askfavor.com/orders/17929775/image-5cd98d42430d8.jpg,$24.43,$3.39,24.5,15.4,22.1
89,,,17929339,2019-05-13 09:18:37,Bill Miller BBQ - 8103 Burnet Road,,,,http://cdn.askfavor.com/orders/17929339/image-5cd982aa0dd4d.jpg,$7.87,$1.09,24.2,8.6,0.1
90,,,17929301,2019-05-13 09:13:52,Bill Miller BBQ - 8700 U.S. 290,4.00,4.00,,http://cdn.askfavor.com/orders/17929301/image-5cd989565ad8c.jpg,$4.74,$0.66,40.5,2.0,12.1
91,,,17928887,2019-05-13 08:23:24,Bill Miller BBQ - 14718 North Interstate 35 Frontage Road,,,,http://cdn.askfavor.com/orders/17928887/image-5cd9776d823d8.jpg,$5.22,$0.72,9.3,3.0,12.6
92,,,17928783,2019-05-13 08:10:50,Bill Miller BBQ - 8103 Burnet Road,3.00,1.00,my order is wrong once again. I order a potato egg and potato taco and got no egg.,http://cdn.askfavor.com/orders/17928783/image-5cd9731f7f888.jpg,$14.93,$2.07,20.5,14.6,9.9
93,,,17928754,2019-05-13 08:07:11,Bill Miller BBQ - 8103 Burnet Road,5.00,5.00,,http://cdn.askfavor.com/orders/17928754/image-5cd97cbbb1360.jpg,$9.27,$1.28,22.2,4.2,12.9
94,,,17928524,2019-05-13 07:41:13,Bill Miller BBQ - 136 West Slaughter Lane,5.00,5.00,Followed what I asked.,http://cdn.askfavor.com/orders/17928524/image-5cd96fda7c2ea.jpg,$5.61,$0.78,24.6,0.7,14.7
95,,,17928464,2019-05-13 07:27:48,Bill Miller BBQ - 14718 North Interstate 35 Frontage Road,,,,http://cdn.askfavor.com/orders/17928464/image-5cd9760fe984b.jpg,$3.22,$0.45,17.8,3.9,6.7
96,,,17928449,2019-05-13 07:22:26,Bill Miller BBQ - 8103 Burnet Road,,,,http://cdn.askfavor.com/orders/17928449/image-5cd963ebb33d9.jpg,$13.80,$1.91,1.0,22.1,14.6
97,,,17928414,2019-05-13 07:04:38,Bill Miller BBQ - 14718 North Interstate 35 Frontage Road,5.00,2.00,I didn’t get potatoes on two of my tacos,http://cdn.askfavor.com/orders/17928414/image-5cd9670e2cba6.jpg,$12.07,$1.67,32.3,10.7,12.0
98,,,17924142,2019-05-12 19:39:58,Bill Miller BBQ - 8700 U.S. 290,,,,http://cdn.askfavor.com/orders/17924142/image-5cd8cb7d18d44.jpg,$15.67,$2.17,34.1,3.4,11.0
99,,,17923623,2019-05-12 19:28:27,Laguna Madre Seafood Company - 10614 Westover Hills Boulevard,4.00,4.00,"missing condiments, asked for extra",http://cdn.askfavor.com/orders/17923623/image-5cd8be0737116.jpg,$10.77,$1.49,10.3,6.0,7.9
100,,,17921799,2019-05-12 18:47:15,Bill Miller BBQ - 14718 North Interstate 35 Frontage Road,5.00,5.00,,http://cdn.askfavor.com/orders/17921799/image-5cd8ba6a06630.jpg,$38.54,$5.34,21.5,19.5,12.7
101,,,17921582,2019-05-12 18:42:58,Bill Miller BBQ - 136 West Slaughter Lane,,,,http://cdn.askfavor.com/orders/17921582/image-5cd8b5a48809d.jpg,$26.00,$3.60,16.3,9.0,11.0
102,,,17920914,2019-05-12 18:28:53,Bill Miller BBQ - 8700 U.S. 290,,,,http://cdn.askfavor.com/orders/17920914/image-5cd8b5dcba294.jpg,$21.15,$2.93,8.5,13.6,0.0
103,,,17920702,2019-05-12 18:24:37,Bill Miller BBQ - 136 West Slaughter Lane,,,,http://cdn.askfavor.com/orders/17920702/image-5cd8b4f987af4.jpg,$15.09,$2.09,29.5,2.2,18.6
104,,,17918876,2019-05-12 17:42:05,Bill Miller BBQ - 14718 North Interstate 35 Frontage Road,,,,http://cdn.askfavor.com/orders/17918876/image-5cd8aaca2b3a8.jpg,$21.11,$2.93,20.7,16.5,15.2
105,,,17918182,2019-05-12 17:25:53,Bill Miller BBQ - 709 East Ben White Boulevard,,,,http://cdn.askfavor.com/orders/17918182/image-5cd8a0f214866.jpg,$46.47,$6.44,10.1,6.1,7.3
106,,,17916920,2019-05-12 16:49:17,Bill Miller BBQ - 14718 North Interstate 35 Frontage Road,5.00,5.00,,http://cdn.askfavor.com/orders/17916920/image-5cd897fb3b532.jpg,$60.99,$8.45,4.2,7.7,26.3
107,,,17915923,2019-05-12 16:10:35,Bill Miller BBQ - 8700 U.S. 290,5.00,5.00,,http://cdn.askfavor.com/orders/17915923/image-5cd88e3df3978.jpg,$12.49,$1.73,6.2,10.7,8.0
108,,,17915706,2019-05-12 16:01:31,Bill Miller BBQ - 14718 North Interstate 35 Frontage Road,,,,http://cdn.askfavor.com/orders/17915706/image-5cd88e1a33f67.jpg,$15.53,$2.15,15.8,15.7,0.1
109,,,17915204,2019-05-12 15:38:09,Bill Miller BBQ - 14718 North Interstate 35 Frontage Road,5.00,5.00,,http://cdn.askfavor.com/orders/17915204/image-5cd8897759322.jpg,$23.19,$3.21,16.2,0.6,10.7
110,,,17914885,2019-05-12 15:25:22,Bill Miller BBQ - 14718 North Interstate 35 Frontage Road,,,,http://cdn.askfavor.com/orders/17914885/image-5cd8847e3d16f.jpg,$30.20,$4.18,13.3,2.6,15.6
111,,,17914538,2019-05-12 15:10:15,Bill Miller BBQ - 136 West Slaughter Lane,,,,http://cdn.askfavor.com/orders/17914538/image-5cd880340cdb9.jpg,$12.83,$1.78,8.7,4.1,13.4
112,,,17914380,2019-05-12 15:01:58,Bill Miller BBQ - 709 East Ben White Boulevard,5.00,5.00,,http://cdn.askfavor.com/orders/17914380/image-5cd88043cd7fb.jpg,$17.59,$2.44,15.4,4.0,10.0
113,,,17912031,2019-05-12 13:17:55,Bill Miller BBQ - 709 East Ben White Boulevard,,,,http://cdn.askfavor.com/orders/17912031/image-5cd86668f13cb.jpg,$26.86,$3.72,9.6,6.6,10.1
114,,,17911791,2019-05-12 13:07:42,Bill Miller BBQ - 1651 West Whitestone Boulevard,,,,http://cdn.askfavor.com/orders/17911791/image-5cd863e65fc05.jpg,$13.02,$1.80,3.2,8.9,21.7
115,,,17911475,2019-05-12 12:54:46,Bill Miller BBQ - 14718 North Interstate 35 Frontage Road,,,,http://cdn.askfavor.com/orders/17911475/image-5cd8657ee6da6.jpg,$54.71,$7.58,13.7,12.4,11.0
116,,,17911226,2019-05-12 12:44:31,Bill Miller BBQ - 1651 West Whitestone Boulevard,,,,http://cdn.askfavor.com/orders/17911226/image-5cd85dd1588d9.jpg,$34.78,$4.82,8.8,10.3,0.0
117,,,17911083,2019-05-12 12:38:22,Bill Miller BBQ - 14718 North Interstate 35 Frontage Road,5.00,5.00,,http://cdn.askfavor.com/orders/17911083/image-5cd85e6f925c3.jpg,$28.00,$3.88,16.3,18.4,2.5
118,,,17910687,2019-05-12 12:24:07,Bill Miller BBQ - 8103 Burnet Road,5.00,5.00,,http://cdn.askfavor.com/orders/17910687/image-5cd85ae536f16.jpg,$42.60,$5.90,13.7,10.3,4.2
119,,,17909505,2019-05-12 11:38:51,Bill Miller BBQ - 136 West Slaughter Lane,,,,http://cdn.askfavor.com/orders/17909505/image-5cd850cce3a8c.jpg,$16.71,$2.32,1.1,18.4,8.3
120,,,17908198,2019-05-12 10:40:09,Bill Miller BBQ - 709 East Ben White Boulevard,,,,http://cdn.askfavor.com/orders/17908198/image-5cd843e2947af.jpg,$9.56,$1.32,5.9,5.2,10.2
121,,,17907941,2019-05-12 10:25:55,Bill Miller BBQ - 14718 North Interstate 35 Frontage Road,5.00,5.00,,http://cdn.askfavor.com/orders/17907941/image-5cd8414696b80.jpg,$25.85,$3.58,14.2,12.2,7.5
122,,,17907872,2019-05-12 10:20:55,Bill Miller BBQ - 8103 Burnet Road,5.00,5.00,,http://cdn.askfavor.com/orders/17907872/image-5cd83f45a0f59.jpg,$17.89,$2.48,19.5,3.7,14.1
123,,,17907800,2019-05-12 10:15:24,Bill Miller BBQ - 136 West Slaughter Lane,5.00,5.00,,http://cdn.askfavor.com/orders/17907800/image-5cd83c9623797.jpg,$6.69,$0.93,11.4,9.4,11.3
124,,,17907642,2019-05-12 10:04:28,Bill Miller BBQ - 14718 North Interstate 35 Frontage Road,5.00,5.00,,http://cdn.askfavor.com/orders/17907642/image-5cd839231c7e7.jpg,$17.42,$2.41,10.4,4.9,5.6
125,,,17907496,2019-05-12 09:55:27,Bill Miller BBQ - 709 East Ben White Boulevard,5.00,5.00,,http://cdn.askfavor.com/orders/17907496/image-5cd837b8f01c8.jpg,$8.02,$1.11,14.6,6.1,7.2
126,,,17907423,2019-05-12 09:48:46,Bill Miller BBQ - 136 West Slaughter Lane,,,,http://cdn.askfavor.com/orders/17907423/image-5cd83ed5ce40d.jpg,$13.51,$1.87,38.7,10.3,21.0
127,,,17907074,2019-05-12 09:29:00,Bill Miller BBQ - 136 West Slaughter Lane,5.00,5.00,,http://cdn.askfavor.com/orders/17907074/image-5cd83407b3723.jpg,$34.49,$4.78,11.8,15.9,8.2
128,,,17906789,2019-05-12 09:03:40,Bill Miller BBQ - 136 West Slaughter Lane,5.00,5.00,,http://cdn.askfavor.com/orders/17906789/image-5cd82fb6be2c1.jpg,$7.23,$1.00,13.4,12.9,8.5
129,,,17906771,2019-05-12 09:03:07,Bill Miller BBQ - 14718 North Interstate 35 Frontage Road,5.00,5.00,,http://cdn.askfavor.com/orders/17906771/image-5cd82e574e374.jpg,$14.00,$1.94,20.3,5.7,4.2
130,,,17906747,2019-05-12 09:01:25,Bill Miller BBQ - 8103 Burnet Road,5.00,5.00,,http://cdn.askfavor.com/orders/17906747/image-5cd82d3f3b18d.jpg,$25.09,$3.48,6.7,5.5,7.2
131,,,17906578,2019-05-12 08:48:17,Bill Miller BBQ - 14718 North Interstate 35 Frontage Road,,,,http://cdn.askfavor.com/orders/17906578/image-5cd82de5b2c1d.jpg,$11.99,$1.66,37.9,0.7,11.2
132,,,17906552,2019-05-12 08:46:42,Bill Miller BBQ - 1651 West Whitestone Boulevard,5.00,5.00,thank you,http://cdn.askfavor.com/orders/17906552/image-5cd825eedad3d.jpg,$22.81,$3.16,6.1,3.2,16.1
133,,,17906108,2019-05-12 08:04:03,Bill Miller BBQ - 709 East Ben White Boulevard,5.00,5.00,,http://cdn.askfavor.com/orders/17906108/image-5cd828c4b7320.jpg,$11.84,$1.64,25.1,12.4,11.9
134,,,17905865,2019-05-12 07:09:25,Bill Miller BBQ - 709 East Ben White Boulevard,5.00,5.00,,http://cdn.askfavor.com/orders/17905865/image-5cd8140b5cc48.jpg,$17.24,$2.39,15.7,10.0,2.6
135,,,17901057,2019-05-11 20:24:29,Bill Miller BBQ - 8700 U.S. 290,,,,http://cdn.askfavor.com/orders/17901057/image-5cd7805765952.jpg,$30.69,$4.25,12.9,5.9,9.8
136,,,17899111,2019-05-11 19:37:02,Bill Miller BBQ - 14718 North Interstate 35 Frontage Road,,,,http://cdn.askfavor.com/orders/17899111/image-5cd76e598bb14.jpg,$16.78,$2.33,10.5,5.0,8.1
137,,,17898738,2019-05-11 19:29:17,Bill Miller BBQ - 1651 West Whitestone Boulevard,5.00,5.00,,http://cdn.askfavor.com/orders/17898738/image-5cd76bbf97685.jpg,$42.49,$5.89,11.3,3.8,17.8
138,,,17898706,2019-05-11 19:28:36,Bill Miller BBQ - 136 West Slaughter Lane,5.00,5.00,,http://cdn.askfavor.com/orders/17898706/image-5cd76e316b799.jpg,$29.00,$4.02,17.4,7.9,3.6
139,,,17896860,2019-05-11 18:47:37,Bill Miller BBQ - 1651 West Whitestone Boulevard,5.00,5.00,,http://cdn.askfavor.com/orders/17896860/image-5cd761f56477d.jpg,$24.76,$3.43,2.2,9.4,12.2
140,,,17895312,2019-05-11 18:13:44,Bill Miller BBQ - 709 East Ben White Boulevard,,,,http://cdn.askfavor.com/orders/17895312/image-5cd75cdcf206b.jpg,$12.72,$1.76,15.8,3.9,27.9
141,,,17894592,2019-05-11 17:56:43,Bill Miller BBQ - 136 West Slaughter Lane,5.00,4.00,I requested green beans no pinto beans,http://cdn.askfavor.com/orders/17894592/image-5cd756c4d0dbf.jpg,$26.00,$3.60,11.2,7.8,9.2
142,,,17892576,2019-05-11 17:00:29,Bill Miller BBQ - 709 East Ben White Boulevard,5.00,5.00,,http://cdn.askfavor.com/orders/17892576/image-5cd74954ed32b.jpg,$13.31,$1.84,10.5,3.8,9.0
143,,,17891934,2019-05-11 16:38:25,Bill Miller BBQ - 14718 North Interstate 35 Frontage Road,,,,http://cdn.askfavor.com/orders/17891934/image-5cd746bb6bed4.jpg,$21.84,$3.03,6.9,18.8,3.3
144,,,17891673,2019-05-11 16:29:22,Laguna Madre Seafood Company - 18195 U.S. 281,5.00,5.00,,http://cdn.askfavor.com/orders/17891673/image-5cd7422d6a7fc.jpg,$27.58,$3.82,11.4,9.8,51.6
145,,,17891411,2019-05-11 16:19:14,Bill Miller BBQ - 709 East Ben White Boulevard,5.00,5.00,Alicia was great!!!,http://cdn.askfavor.com/orders/17891411/image-5cd73f528a773.jpg,$8.75,$1.21,6.5,6.8,18.9
146,,,17890686,2019-05-11 15:47:40,Bill Miller BBQ - 14718 North Interstate 35 Frontage Road,,,,http://cdn.askfavor.com/orders/17890686/image-5cd73ae3d84b7.jpg,$19.97,$2.77,20.9,4.2,23.2
147,,,17889858,2019-05-11 15:12:25,Bill Miller BBQ - 14718 North Interstate 35 Frontage Road,5.00,5.00,,http://cdn.askfavor.com/orders/17889858/image-5cd72f915e1d6.jpg,$12.72,$1.76,12.1,0.3,17.7
148,,,17889183,2019-05-11 14:43:59,Laguna Madre Seafood Company - 5123 Rigsby Avenue,,,,http://cdn.askfavor.com/orders/17889183/image-5cd72e3753dd8.jpg,$17.27,$2.39,13.8,5.7,18.8
149,,,17888818,2019-05-11 14:30:04,Bill Miller BBQ - 1651 West Whitestone Boulevard,5.00,5.00,,http://cdn.askfavor.com/orders/17888818/image-5cd7282ac3563.jpg,$40.53,$5.62,15.4,5.1,16.1
150,,,17887576,2019-05-11 13:40:29,Bill Miller BBQ - 709 East Ben White Boulevard,,,,http://cdn.askfavor.com/orders/17887576/image-5cd71c13562c3.jpg,$17.86,$2.47,19.4,1.6,11.7
151,,,17886193,2019-05-11 12:54:39,Bill Miller BBQ - 709 East Ben White Boulevard,5.00,5.00,,http://cdn.askfavor.com/orders/17886193/image-5cd712d5035fe.jpg,$22.56,$3.13,15.9,7.3,11.3
152,,,17886150,2019-05-11 12:53:05,Bill Miller BBQ - 8103 Burnet Road,,,,http://cdn.askfavor.com/orders/17886150/image-5cd70f6beb8d6.jpg,$21.26,$2.95,5.9,8.7,4.6
153,,,17885819,2019-05-11 12:43:03,Bill Miller BBQ - 136 West Slaughter Lane,1.00,1.00,,http://cdn.askfavor.com/orders/17885819/image-5cd71334b7943.jpg,$14.88,$2.06,15.8,11.5,7.5
154,,,17884997,2019-05-11 12:18:18,Bill Miller BBQ - 1651 West Whitestone Boulevard,,,,http://cdn.askfavor.com/orders/17884997/image-5cd70cc43d323.jpg,$12.72,$1.76,13.0,1.9,9.6
155,,,17884954,2019-05-11 12:16:52,Laguna Madre Seafood Company - 10614 Westover Hills Boulevard,4.00,2.00,Thought I ordered the fish taco plate and only got one taco,http://cdn.askfavor.com/orders/17884954/image-5cd707fe6db4e.jpg,$9.24,$1.28,18.2,17.5,0.0
156,,,17884324,2019-05-11 11:57:31,Bill Miller BBQ - 14718 North Interstate 35 Frontage Road,5.00,5.00,,http://cdn.askfavor.com/orders/17884324/image-5cd708058d943.jpg,$11.04,$1.53,17.0,22.4,13.4
157,,,17882456,2019-05-11 10:49:34,Bill Miller BBQ - 14718 North Interstate 35 Frontage Road,2.00,2.00,Food was good but order was not completed fully. Missing items but they were not on the receipt either so I was not informed they were not available or an explanation as to why it wasn’t ordered.,http://cdn.askfavor.com/orders/17882456/image-5cd6f6c511e2d.jpg,$6.77,$0.94,20.0,1.1,11.8
158,,,17882292,2019-05-11 10:40:45,Bill Miller BBQ - 136 West Slaughter Lane,5.00,5.00,,http://cdn.askfavor.com/orders/17882292/image-5cd6f31380387.jpg,$18.13,$2.51,9.3,25.5,8.9
159,,,17882074,2019-05-11 10:28:22,Bill Miller BBQ - 709 East Ben White Boulevard,,,,http://cdn.askfavor.com/orders/17882074/image-5cd6ed2a6a0ff.jpg,$22.18,$3.07,5.8,11.3,11.7
160,,,17881803,2019-05-11 10:10:57,Bill Miller BBQ - 136 West Slaughter Lane,5.00,5.00,,http://cdn.askfavor.com/orders/17881803/image-5cd6ea9e2ea36.jpg,$15.70,$2.18,9.0,11.1,6.0
161,,,17881193,2019-05-11 09:30:11,Bill Miller BBQ - 709 East Ben White Boulevard,,,,http://cdn.askfavor.com/orders/17881193/image-5cd6e2bccd2ed.jpg,$35.99,$4.99,11.4,15.5,0.6
162,,,17880889,2019-05-11 09:07:55,Bill Miller BBQ - 136 West Slaughter Lane,,,,http://cdn.askfavor.com/orders/17880889/image-5cd6dc99a3204.jpg,$12.38,$1.72,10.0,12.7,8.5
163,,,17880825,2019-05-11 09:02:22,Bill Miller BBQ - 14718 North Interstate 35 Frontage Road,,,,http://cdn.askfavor.com/orders/17880825/image-5cd6db646dd48.jpg,$24.49,$3.39,16.2,15.0,4.6
164,,,17880758,2019-05-11 08:59:33,Bill Miller BBQ - 8103 Burnet Road,5.00,5.00,,http://cdn.askfavor.com/orders/17880758/image-5cd6d77b7cfa3.jpg,$22.66,$3.14,3.7,5.5,6.4
165,,,17880751,2019-05-11 08:58:30,Bill Miller BBQ - 136 West Slaughter Lane,,,,http://cdn.askfavor.com/orders/17880751/image-5cd6d8638bd9a.jpg,$21.33,$2.96,7.9,7.4,7.4
166,,,17880719,2019-05-11 08:55:07,Bill Miller BBQ - 136 West Slaughter Lane,5.00,5.00,,http://cdn.askfavor.com/orders/17880719/image-5cd6d8a63ea40.jpg,$12.04,$1.67,8.2,5.7,11.8
167,,,17880596,2019-05-11 08:42:49,Bill Miller BBQ - 709 East Ben White Boulevard,5.00,5.00,,http://cdn.askfavor.com/orders/17880596/image-5cd6d49966e7a.jpg,$4.37,$0.61,10.1,2.2,5.9
168,,,17880235,2019-05-11 08:03:34,Bill Miller BBQ - 14718 North Interstate 35 Frontage Road,5.00,5.00,,http://cdn.askfavor.com/orders/17880235/image-5cd6cc87103d7.jpg,$8.29,$1.15,4.1,8.2,21.6
169,,,17879996,2019-05-11 07:01:51,Bill Miller BBQ - 14718 North Interstate 35 Frontage Road,5.00,5.00,Quick and easy,http://cdn.askfavor.com/orders/17879996/image-5cd6be417fc29.jpg,$58.82,$8.15,16.9,2.9,16.5
170,,,17872956,2019-05-10 19:29:49,Laguna Madre Seafood Company - 18195 U.S. 281,,,,http://cdn.askfavor.com/orders/17872956/image-5cd61aa4bad78.jpg,$14.02,$1.94,11.6,1.4,11.8
171,,,17872552,2019-05-10 19:22:04,Bill Miller BBQ - 14718 North Interstate 35 Frontage Road,,,,http://cdn.askfavor.com/orders/17872552/image-5cd61e0c63243.jpg,$0.00,$0.00,12.6,9.9,15.7
172,,,17872227,2019-05-10 19:15:04,Bill Miller BBQ - 136 West Slaughter Lane,5.00,5.00,Thanks for the great service Marc!,http://cdn.askfavor.com/orders/17872227/image-5cd618d4a7c01.jpg,$19.56,$2.71,12.0,7.1,17.2
173,,,17869495,2019-05-10 18:22:04,Bill Miller BBQ - 136 West Slaughter Lane,5.00,5.00,,http://cdn.askfavor.com/orders/17869495/image-5cd60bbf02b7b.jpg,$16.01,$2.22,16.8,1.9,15.6
174,,,17869479,2019-05-10 18:21:44,Bill Miller BBQ - 14718 North Interstate 35 Frontage Road,,,,http://cdn.askfavor.com/orders/17869479/image-5cd60c575f8f7.jpg,$29.76,$4.12,16.4,5.6,16.5
175,,,17866937,2019-05-10 17:25:35,Laguna Madre Seafood Company - 10614 Westover Hills Boulevard,,,,http://cdn.askfavor.com/orders/17866937/image-5cd5fda76c100.jpg,$28.31,$3.92,10.0,10.4,13.2
176,,,17866812,2019-05-10 17:22:29,Bill Miller BBQ - 14718 North Interstate 35 Frontage Road,5.00,3.00,,http://cdn.askfavor.com/orders/17866812/image-5cd5feed07cff.jpg,$15.43,$2.14,19.5,1.0,23.2
177,,,17866542,2019-05-10 17:14:57,Bill Miller BBQ - 709 East Ben White Boulevard,5.00,5.00,,http://cdn.askfavor.com/orders/17866542/image-5cd600189c78f.jpg,$12.72,$1.76,32.6,2.4,10.0
178,,,17865068,2019-05-10 16:21:53,Bill Miller BBQ - 8700 U.S. 290,,,,http://cdn.askfavor.com/orders/17865068/image-5cd5f03c19c54.jpg,$7.25,$1.00,17.3,3.2,8.9
179,,,17862834,2019-05-10 14:26:11,Laguna Madre Seafood Company - 18195 U.S. 281,,,,http://cdn.askfavor.com/orders/17862834/image-5cd5d5cf94295.jpg,$16.07,$2.23,21.0,0.8,13.8
180,,,17862277,2019-05-10 14:01:24,Bill Miller BBQ - 14718 North Interstate 35 Frontage Road,5.00,5.00,,http://cdn.askfavor.com/orders/17862277/image-5cd5ce6e2e1ca.jpg,$11.53,$1.60,7.4,21.5,0.1
181,,,17860378,2019-05-10 12:48:41,Bill Miller BBQ - 1651 West Whitestone Boulevard,5.00,5.00,,http://cdn.askfavor.com/orders/17860378/image-5cd5bf430f3f7.jpg,$12.72,$1.76,12.9,3.7,7.4
182,,,17860306,2019-05-10 12:46:34,Laguna Madre Seafood Company - 10614 Westover Hills Boulevard,,,,http://cdn.askfavor.com/orders/17860306/image-5cd5bdaa96dee.jpg,$9.69,$1.34,16.6,7.3,8.7
183,,,17860072,2019-05-10 12:39:20,Bill Miller BBQ - 709 East Ben White Boulevard,,,,http://cdn.askfavor.com/orders/17860072/image-5cd5be6a06b03.jpg,$11.66,$1.62,21.9,5.5,15.8
184,,,17860042,2019-05-10 12:38:33,Laguna Madre Seafood Company - 10614 Westover Hills Boulevard,,,,http://cdn.askfavor.com/orders/17860042/image-5cd5baa577405.jpg,$20.62,$2.86,4.5,10.6,13.2
185,,,17859590,2019-05-10 12:26:08,Laguna Madre Seafood Company - 10614 Westover Hills Boulevard,4.00,4.00,,http://cdn.askfavor.com/orders/17859590/image-5cd5b930e9e6b.jpg,$9.53,$1.32,6.1,4.0,10.5
186,,,17858844,2019-05-10 12:05:27,Bill Miller BBQ - 14718 North Interstate 35 Frontage Road,5.00,5.00,,http://cdn.askfavor.com/orders/17858844/image-5cd5b33f09fe9.jpg,$12.99,$1.80,10.0,6.2,15.1
187,,,17857509,2019-05-10 11:29:58,Bill Miller BBQ - 8700 U.S. 290,3.00,5.00,,http://cdn.askfavor.com/orders/17857509/image-5cd5af70222f4.jpg,$8.01,$1.11,33.2,19.5,5.4
188,,,17856698,2019-05-10 11:08:18,Bill Miller BBQ - 8103 Burnet Road,5.00,5.00,,http://cdn.askfavor.com/orders/17856698/image-5cd5a4b1075ec.jpg,$8.13,$1.13,11.0,0.4,14.1
189,,,17856037,2019-05-10 10:37:11,Bill Miller BBQ - 136 West Slaughter Lane,5.00,2.00,Asked for cheese to be added and it was not.,http://cdn.askfavor.com/orders/17856037/image-5cd59d7ace9bc.jpg,$5.82,$0.81,11.7,0.4,6.1
190,,,17855213,2019-05-10 09:38:41,Bill Miller BBQ - 136 West Slaughter Lane,,,,http://cdn.askfavor.com/orders/17855213/image-5cd590a0785f8.jpg,$17.35,$2.40,13.7,3.1,3.9
191,,,17855066,2019-05-10 09:29:35,Bill Miller BBQ - 136 West Slaughter Lane,5.00,5.00,,http://cdn.askfavor.com/orders/17855066/image-5cd58d8121034.jpg,$10.46,$1.45,6.3,5.2,7.0
192,,,17854939,2019-05-10 09:20:20,Bill Miller BBQ - 136 West Slaughter Lane,,,,http://cdn.askfavor.com/orders/17854939/image-5cd58b186ae9f.jpg,$6.26,$0.87,5.1,14.0,8.3
193,,,17854903,2019-05-10 09:16:56,Bill Miller BBQ - 14718 North Interstate 35 Frontage Road,,,,http://cdn.askfavor.com/orders/17854903/image-5cd58e1613b5e.jpg,$15.16,$2.10,20.7,25.7,0.0
194,,,17854651,2019-05-10 08:56:12,Bill Miller BBQ - 8103 Burnet Road,,,,http://cdn.askfavor.com/orders/17854651/image-5cd5891f2b386.jpg,$14.56,$2.02,14.2,6.9,5.1
195,,,17854490,2019-05-10 08:40:34,Bill Miller BBQ - 14718 North Interstate 35 Frontage Road,5.00,5.00,,http://cdn.askfavor.com/orders/17854490/image-5cd587d621b36.jpg,$12.72,$1.76,25.0,10.4,2.9
196,,,17854431,2019-05-10 08:35:30,Bill Miller BBQ - 14718 North Interstate 35 Frontage Road,5.00,5.00,,http://cdn.askfavor.com/orders/17854431/image-5cd582c15aecf.jpg,$7.38,$1.02,15.8,6.1,5.7
197,,,17854302,2019-05-10 08:25:39,Bill Miller BBQ - 709 East Ben White Boulevard,5.00,5.00,,http://cdn.askfavor.com/orders/17854302/image-5cd5866d33491.jpg,$8.02,$1.11,33.5,1.0,0.0
198,,,17854201,2019-05-10 08:15:01,Bill Miller BBQ - 1651 West Whitestone Boulevard,,,,http://cdn.askfavor.com/orders/17854201/image-5cd57f7a6b97c.jpg,$8.84,$1.22,8.8,6.8,10.2
199,,,17854017,2019-05-10 08:00:25,Bill Miller BBQ - 8103 Burnet Road,5.00,5.00,You were amazing! Thank you for putting up with our staff when they weren’t sure what they ordered.,http://cdn.askfavor.com/orders/17854017/image-5cd57a2c7830d.jpg,$12.13,$1.68,6.8,7.3,12.4
200,,,17853979,2019-05-10 07:53:50,Bill Miller BBQ - 709 East Ben White Boulevard,,,,http://cdn.askfavor.com/orders/17853979/image-5cd57920a7ded.jpg,$6.69,$0.93,15.1,3.0,10.4
201,,,17853952,2019-05-10 07:42:50,Bill Miller BBQ - 8103 Burnet Road,,,,http://cdn.askfavor.com/orders/17853952/image-5cd57ba78a511.jpg,$6.26,$0.87,26.8,1.5,9.2
202,,,17853933,2019-05-10 07:37:32,Bill Miller BBQ - 8103 Burnet Road,,,,http://cdn.askfavor.com/orders/17853933/image-5cd57a458c2c2.jpg,$10.99,$1.52,12.9,7.2,12.3
203,,,17853872,2019-05-10 07:22:43,Bill Miller BBQ - 14718 North Interstate 35 Frontage Road,,,,http://cdn.askfavor.com/orders/17853872/image-5cd578edbbc4e.jpg,$6.77,$0.94,16.6,7.3,4.7
204,,,17853858,2019-05-10 07:15:26,Bill Miller BBQ - 709 East Ben White Boulevard,5.00,5.00,,http://cdn.askfavor.com/orders/17853858/image-5cd570762230f.jpg,$14.21,$1.97,15.6,6.0,10.7
205,,,17853852,2019-05-10 07:12:30,Bill Miller BBQ - 14718 North Interstate 35 Frontage Road,5.00,5.00,,http://cdn.askfavor.com/orders/17853852/image-5cd571e5cb0dc.jpg,$11.20,$1.55,16.0,10.9,20.1
206,,,17849109,2019-05-09 19:36:45,Bill Miller BBQ - 136 West Slaughter Lane,5.00,5.00,,http://cdn.askfavor.com/orders/17849109/image-5cd4c9f24bee1.jpg,$17.86,$2.47,5.4,21.3,0.0
207,,,17849066,2019-05-09 19:35:36,Bill Miller BBQ - 14718 North Interstate 35 Frontage Road,5.00,5.00,was awesome getting the extra pie to make up for the missing meat type,http://cdn.askfavor.com/orders/17849066/image-5cd4cf76dead4.jpg,$21.11,$2.93,26.2,10.2,13.6
208,,,17848902,2019-05-09 19:31:20,Bill Miller BBQ - 14718 North Interstate 35 Frontage Road,5.00,5.00,,http://cdn.askfavor.com/orders/17848902/image-5cd4c9bfa31ed.jpg,$9.08,$1.26,9.4,3.5,18.5
209,,,17847744,2019-05-09 19:03:08,Bill Miller BBQ - 709 East Ben White Boulevard,,,,http://cdn.askfavor.com/orders/17847744/image-5cd4ca158efa4.jpg,$25.44,$3.53,29.3,10.4,15.6
210,,,17847655,2019-05-09 19:00:56,Laguna Madre Seafood Company - 10614 Westover Hills Boulevard,5.00,5.00,,http://cdn.askfavor.com/orders/17847655/image-5cd4cb75ae4c4.jpg,$49.74,$6.89,29.3,22.0,9.8
211,,,17847205,2019-05-09 18:48:39,Laguna Madre Seafood Company - 18195 U.S. 281,,,,http://cdn.askfavor.com/orders/17847205/image-5cd4bf90c8ad0.jpg,$10.44,$1.45,11.2,2.2,27.2
212,,,17845804,2019-05-09 18:17:14,Bill Miller BBQ - 14718 North Interstate 35 Frontage Road,,,,http://cdn.askfavor.com/orders/17845804/image-5cd4bb4eaca9f.jpg,$10.28,$1.42,25.9,0.8,19.7
213,,,17843719,2019-05-09 17:24:04,Laguna Madre Seafood Company - 10614 Westover Hills Boulevard,,,,http://cdn.askfavor.com/orders/17843719/image-5cd4abfa10d07.jpg,$48.39,$6.71,4.9,13.6,16.1
214,,,17843694,2019-05-09 17:23:20,Laguna Madre Seafood Company - 25127 Interstate 10,5.00,5.00,,http://cdn.askfavor.com/orders/17843694/image-5cd4ae82329f2.jpg,$20.30,$2.81,21.7,18.1,18.3
215,,,17843556,2019-05-09 17:19:31,Laguna Madre Seafood Company - 10614 Westover Hills Boulevard,,,,http://cdn.askfavor.com/orders/17843556/image-5cd4ad719d9df.jpg,$22.34,$3.10,8.5,17.1,9.2
216,,,17842872,2019-05-09 16:55:06,Bill Miller BBQ - 8103 Burnet Road,,,,http://cdn.askfavor.com/orders/17842872/image-5cd4ab8408a62.jpg,$19.86,$2.75,39.4,1.2,16.9
217,,,17842119,2019-05-09 16:21:32,Laguna Madre Seafood Company - 10614 Westover Hills Boulevard,5.00,5.00,Great runner!,http://cdn.askfavor.com/orders/17842119/image-5cd49d3352fed.jpg,$12.50,$1.73,7.6,9.3,7.5
218,,,17842079,2019-05-09 16:19:34,Bill Miller BBQ - 709 East Ben White Boulevard,5.00,5.00,excellent!,http://cdn.askfavor.com/orders/17842079/image-5cd49e6d5ff68.jpg,$53.20,$7.37,20.2,0.8,8.9
219,,,17840522,2019-05-09 14:39:00,Bill Miller BBQ - 14718 North Interstate 35 Frontage Road,5.00,5.00,,http://cdn.askfavor.com/orders/17840522/image-5cd48a6a65b04.jpg,$39.00,$5.40,19.4,13.5,13.1
220,,,17839714,2019-05-09 13:52:03,Bill Miller BBQ - 8103 Burnet Road,,,,http://cdn.askfavor.com/orders/17839714/image-5cd4790d79f0c.jpg,$13.31,$1.84,4.0,6.4,6.9
221,,,17839700,2019-05-09 13:51:28,Laguna Madre Seafood Company - 10614 Westover Hills Boulevard,3.00,1.00,,http://cdn.askfavor.com/orders/17839700/image-5cd47ea80243d.jpg,$25.66,$3.56,16.1,15.7,4.6
222,,,17839079,2019-05-09 13:23:56,Bill Miller BBQ - 709 East Ben White Boulevard,5.00,5.00,,http://cdn.askfavor.com/orders/17839079/image-5cd474534bed5.jpg,$6.93,$0.96,15.6,1.1,14.3
223,,,17838564,2019-05-09 13:01:09,Bill Miller BBQ - 14718 North Interstate 35 Frontage Road,5.00,5.00,,http://cdn.askfavor.com/orders/17838564/image-5cd46eb136abb.jpg,$16.56,$2.29,12.0,7.1,10.6
224,,,17838334,2019-05-09 12:51:37,Laguna Madre Seafood Company - 5123 Rigsby Avenue,5.00,5.00,,http://cdn.askfavor.com/orders/17838334/image-5cd470fb9019b.jpg,$50.55,$7.00,34.4,1.2,10.7
225,,,17838264,2019-05-09 12:48:58,Bill Miller BBQ - 8103 Burnet Road,5.00,5.00,,http://cdn.askfavor.com/orders/17838264/image-5cd46ad87a2e2.jpg,$8.48,$1.18,3.6,7.7,10.4
226,,,17837221,2019-05-09 12:16:12,Bill Miller BBQ - 709 East Ben White Boulevard,4.00,3.00,,http://cdn.askfavor.com/orders/17837221/image-5cd46313ab65d.jpg,$7.20,$1.00,5.1,8.8,3.6
227,,,17837081,2019-05-09 12:11:08,Bill Miller BBQ - 709 East Ben White Boulevard,,,,http://cdn.askfavor.com/orders/17837081/image-5cd464e5765ee.jpg,$9.42,$1.31,11.6,10.8,31.7
228,,,17836516,2019-05-09 11:52:58,Bill Miller BBQ - 14718 North Interstate 35 Frontage Road,5.00,5.00,,http://cdn.askfavor.com/orders/17836516/image-5cd462d5e6d27.jpg,$16.21,$2.25,16.5,7.5,13.9
229,,,17834532,2019-05-09 10:53:38,Bill Miller BBQ - 14718 North Interstate 35 Frontage Road,1.00,1.00,,http://cdn.askfavor.com/orders/17834532/image-5cd4529919c05.jpg,$26.00,$3.60,15.7,4.3,5.5
230,,,17834162,2019-05-09 10:33:47,Bill Miller BBQ - 14718 North Interstate 35 Frontage Road,5.00,5.00,Great,http://cdn.askfavor.com/orders/17834162/image-5cd44d703db34.jpg,$26.43,$3.66,3.2,18.3,21.1
231,,,17833958,2019-05-09 10:20:00,Bill Miller BBQ - 136 West Slaughter Lane,1.00,1.00,not what I ordered. ordered a combo did not receive exactly what I wanted.,http://cdn.askfavor.com/orders/17833958/image-5cd448775ba5f.jpg,$12.45,$1.73,8.9,2.2,10.7
232,,,17833799,2019-05-09 10:06:40,Bill Miller BBQ - 8103 Burnet Road,5.00,5.00,,http://cdn.askfavor.com/orders/17833799/image-5cd4468ea6c19.jpg,$48.47,$6.72,16.5,7.5,8.3
233,,,17833733,2019-05-09 10:00:25,Bill Miller BBQ - 709 East Ben White Boulevard,5.00,5.00,,http://cdn.askfavor.com/orders/17833733/image-5cd44422ede83.jpg,$9.69,$1.34,10.3,6.1,14.8
234,,,17833654,2019-05-09 09:53:41,Laguna Madre Seafood Company - 18195 U.S. 281,,,,http://cdn.askfavor.com/orders/17833654/image-5cd4488a4c38a.jpg,$15.64,$2.17,38.1,10.9,13.1
235,,,17833619,2019-05-09 09:50:43,Bill Miller BBQ - 709 East Ben White Boulevard,5.00,5.00,,http://cdn.askfavor.com/orders/17833619/image-5cd4433509c15.jpg,$6.37,$0.88,12.7,16.3,7.7
236,,,17833593,2019-05-09 09:48:56,Bill Miller BBQ - 709 East Ben White Boulevard,5.00,5.00,,http://cdn.askfavor.com/orders/17833593/image-5cd4427d29b14.jpg,$21.87,$3.03,8.8,7.3,4.6
237,,,17833317,2019-05-09 09:22:54,Bill Miller BBQ - 709 East Ben White Boulevard,5.00,5.00,,http://cdn.askfavor.com/orders/17833317/image-5cd439c819768.jpg,$8.02,$1.11,2.2,6.5,8.7
238,,,17833313,2019-05-09 09:22:30,Bill Miller BBQ - 14718 North Interstate 35 Frontage Road,5.00,5.00,,http://cdn.askfavor.com/orders/17833313/image-5cd43b5dd0baf.jpg,$6.56,$0.91,12.1,8.3,1.4
239,,,17833311,2019-05-09 09:22:17,Bill Miller BBQ - 709 East Ben White Boulevard,,,,http://cdn.askfavor.com/orders/17833311/image-5cd43b84dda8e.jpg,$12.13,$1.68,7.0,8.8,17.0
240,,,17833268,2019-05-09 09:16:05,Bill Miller BBQ - 136 West Slaughter Lane,,,,http://cdn.askfavor.com/orders/17833268/image-5cd4402c10ae4.jpg,$17.71,$2.45,9.0,33.3,6.5
241,,,17833039,2019-05-09 08:50:18,Bill Miller BBQ - 136 West Slaughter Lane,5.00,5.00,,http://cdn.askfavor.com/orders/17833039/image-5cd434872b781.jpg,$8.69,$1.20,18.0,2.5,8.3
242,,,17833014,2019-05-09 08:46:42,Bill Miller BBQ - 8103 Burnet Road,,,,http://cdn.askfavor.com/orders/17833014/image-5cd433f4b4b19.jpg,$7.07,$0.98,4.6,12.1,10.3
243,,,17832952,2019-05-09 08:41:37,Bill Miller BBQ - 8700 U.S. 290,5.00,5.00,,http://cdn.askfavor.com/orders/17832952/image-5cd4340eb304a.jpg,$4.74,$0.66,23.3,3.0,10.5
244,,,17832449,2019-05-09 07:36:59,Bill Miller BBQ - 136 West Slaughter Lane,5.00,5.00,,http://cdn.askfavor.com/orders/17832449/image-5cd429ce6fda4.jpg,$36.56,$5.07,29.6,14.0,11.0
245,,,17829945,2019-05-08 20:44:59,Bill Miller BBQ - 1651 West Whitestone Boulevard,5.00,5.00,,http://cdn.askfavor.com/orders/17829945/image-5cd38fba332c6.jpg,$43.42,$6.02,39.5,1.8,24.5
246,,,17829035,2019-05-08 20:15:18,Bill Miller BBQ - 709 East Ben White Boulevard,,,,http://cdn.askfavor.com/orders/17829035/image-5cd38d0635e5b.jpg,$46.11,$6.39,52.5,2.3,8.6
247,,,17828112,2019-05-08 19:49:40,Bill Miller BBQ - 1651 West Whitestone Boulevard,,,,http://cdn.askfavor.com/orders/17828112/image-5cd37cd762b2a.jpg,$26.05,$3.61,10.9,2.9,21.1
248,,,17828024,2019-05-08 19:47:09,Bill Miller BBQ - 136 West Slaughter Lane,5.00,5.00,,http://cdn.askfavor.com/orders/17828024/image-5cd37e2219afe.jpg,$14.00,$1.94,17.7,4.7,9.6
249,,,17826952,2019-05-08 19:21:26,Bill Miller BBQ - 14718 North Interstate 35 Frontage Road,,,,http://cdn.askfavor.com/orders/17826952/image-5cd3770a7018e.jpg,$24.32,$3.37,17.1,2.2,14.6
250,,,17826414,2019-05-08 19:08:38,Bill Miller BBQ - 1651 West Whitestone Boulevard,,,,http://cdn.askfavor.com/orders/17826414/image-5cd373250f3ee.jpg,$8.93,$1.24,14.6,0.8,23.4
251,,,17826234,2019-05-08 19:04:12,Bill Miller BBQ - 1651 West Whitestone Boulevard,,,,http://cdn.askfavor.com/orders/17826234/image-5cd373a975f38.jpg,$16.42,$2.28,9.3,4.7,13.9
252,,,17825642,2019-05-08 18:48:22,Laguna Madre Seafood Company - 18195 U.S. 281,5.00,3.00,,http://cdn.askfavor.com/orders/17825642/image-5cd36e39a3ad1.jpg,$11.85,$1.64,13.3,1.4,10.1
253,,,17825454,2019-05-08 18:44:08,Bill Miller BBQ - 136 West Slaughter Lane,,,,http://cdn.askfavor.com/orders/17825454/image-5cd36dfb4699b.jpg,$17.70,$2.45,3.7,10.4,27.2
254,,,17825238,2019-05-08 18:39:06,Laguna Madre Seafood Company - 18195 U.S. 281,5.00,1.00,missing food.,http://cdn.askfavor.com/orders/17825238/image-5cd36db760442.jpg,$44.33,$6.14,12.3,19.9,9.7
255,,,17823502,2019-05-08 17:55:43,Bill Miller BBQ - 8103 Burnet Road,5.00,5.00,,http://cdn.askfavor.com/orders/17823502/image-5cd3675770732.jpg,$18.48,$2.56,13.3,20.9,2.7
256,,,17822393,2019-05-08 17:26:01,Bill Miller BBQ - 136 West Slaughter Lane,,,,http://cdn.askfavor.com/orders/17822393/image-5cd35e1424fc3.jpg,$5.36,$0.74,17.0,5.4,13.8
257,,,17822026,2019-05-08 17:14:23,Bill Miller BBQ - 14718 North Interstate 35 Frontage Road,,,,http://cdn.askfavor.com/orders/17822026/image-5cd357eb1fa6e.jpg,$28.21,$3.91,11.2,7.0,14.8
258,,,17821637,2019-05-08 17:00:07,Laguna Madre Seafood Company - 10614 Westover Hills Boulevard,5.00,5.00,,http://cdn.askfavor.com/orders/17821637/image-5cd3564350215.jpg,$12.99,$1.80,13.9,7.1,19.3
259,,,17821172,2019-05-08 16:40:45,Bill Miller BBQ - 8103 Burnet Road,,,,http://cdn.askfavor.com/orders/17821172/image-5cd35018b48e3.jpg,$7.50,$1.04,11.2,2.0,10.3
260,,,17820987,2019-05-08 16:32:04,Bill Miller BBQ - 709 East Ben White Boulevard,5.00,5.00,,http://cdn.askfavor.com/orders/17820987/image-5cd351111c89d.jpg,$16.02,$2.22,17.7,8.6,10.8
261,,,17819188,2019-05-08 14:48:14,Bill Miller BBQ - 14718 North Interstate 35 Frontage Road,1.00,1.00,,http://cdn.askfavor.com/orders/17819188/image-5cd339c5b56e0.jpg,$26.00,$3.60,25.0,0.3,29.1
262,,,17819136,2019-05-08 14:44:37,Bill Miller BBQ - 8103 Burnet Road,5.00,5.00,,http://cdn.askfavor.com/orders/17819136/image-5cd33786e0131.jpg,$14.83,$2.05,13.0,0.5,6.2
263,,,17818764,2019-05-08 14:24:42,Bill Miller BBQ - 136 West Slaughter Lane,,,,http://cdn.askfavor.com/orders/17818764/image-5cd33cc831e93.jpg,$21.50,$2.98,38.5,8.0,7.4
264,,,17818623,2019-05-08 14:17:17,Bill Miller BBQ - 8103 Burnet Road,5.00,3.00,,http://cdn.askfavor.com/orders/17818623/image-5cd335bf21783.jpg,$8.75,$1.21,13.4,24.3,6.0
265,,,17818476,2019-05-08 14:09:22,Bill Miller BBQ - 136 West Slaughter Lane,,,,http://cdn.askfavor.com/orders/17818476/image-5cd32f1f1c4bd.jpg,$7.25,$1.00,12.9,3.3,8.2
266,,,17818143,2019-05-08 13:51:00,Laguna Madre Seafood Company - 18195 U.S. 281,5.00,5.00,,http://cdn.askfavor.com/orders/17818143/image-5cd32839eeeab.jpg,$33.77,$4.68,11.9,6.3,11.3
267,,,17817632,2019-05-08 13:27:34,Bill Miller BBQ - 136 West Slaughter Lane,5.00,5.00,,http://cdn.askfavor.com/orders/17817632/image-5cd323ab57143.jpg,$12.61,$1.75,10.4,7.0,17.5
268,,,17817631,2019-05-08 13:27:33,Bill Miller BBQ - 136 West Slaughter Lane,,,,http://cdn.askfavor.com/orders/17817631/image-5cd323ba3c7d1.jpg,$8.71,$1.21,10.5,7.0,6.0
269,,,17816877,2019-05-08 12:58:43,Bill Miller BBQ - 8103 Burnet Road,,,,http://cdn.askfavor.com/orders/17816877/image-5cd31fbb8a716.jpg,$11.07,$1.53,16.8,5.8,11.6
270,,,17816842,2019-05-08 12:57:41,Bill Miller BBQ - 136 West Slaughter Lane,5.00,5.00,,http://cdn.askfavor.com/orders/17816842/image-5cd327198cf78.jpg,$7.25,$1.00,36.8,12.0,0.0
271,,,17816178,2019-05-08 12:35:52,Laguna Madre Seafood Company - 18195 U.S. 281,,,,http://cdn.askfavor.com/orders/17816178/image-5cd31adaadb14.jpg,$12.88,$1.78,19.1,1.0,10.9
272,,,17815694,2019-05-08 12:22:32,Bill Miller BBQ - 1651 West Whitestone Boulevard,,,,http://cdn.askfavor.com/orders/17815694/image-5cd3170d06b99.jpg,$6.25,$0.87,16.5,4.0,2.4
273,,,17815493,2019-05-08 12:16:56,Bill Miller BBQ - 14718 North Interstate 35 Frontage Road,,,,http://cdn.askfavor.com/orders/17815493/image-5cd3190fbe94c.jpg,$12.81,$1.78,21.3,4.2,23.3
274,,,17814963,2019-05-08 12:01:57,Bill Miller BBQ - 709 East Ben White Boulevard,,,,http://cdn.askfavor.com/orders/17814963/image-5cd31b2f64963.jpg,$8.65,$1.20,13.6,2.3,6.9
275,,,17814224,2019-05-08 11:42:44,Bill Miller BBQ - 709 East Ben White Boulevard,5.00,5.00,Extremely nice & professional! one of the best I’ve had,http://cdn.askfavor.com/orders/17814224/image-5cd30bada5257.jpg,$14.00,$1.94,15.1,3.5,9.5
276,,,17814071,2019-05-08 11:38:33,Laguna Madre Seafood Company - 18195 U.S. 281,,,,http://cdn.askfavor.com/orders/17814071/image-5cd30abbca13b.jpg,$14.02,$1.94,19.6,18.6,7.9
277,,,17813960,2019-05-08 11:35:28,Bill Miller BBQ - 136 West Slaughter Lane,5.00,5.00,,http://cdn.askfavor.com/orders/17813960/image-5cd3083caac0f.jpg,$9.26,$1.28,4.8,4.0,5.8
278,,,17813642,2019-05-08 11:27:44,Bill Miller BBQ - 14718 North Interstate 35 Frontage Road,,,,http://cdn.askfavor.com/orders/17813642/image-5cd30726969f5.jpg,$14.00,$1.94,11.0,7.1,12.6
279,,,17813363,2019-05-08 11:20:31,Bill Miller BBQ - 8103 Burnet Road,,,,http://cdn.askfavor.com/orders/17813363/image-5cd304f429fda.jpg,$77.64,$10.76,10.7,14.5,10.4
280,,,17813299,2019-05-08 11:19:08,Bill Miller BBQ - 14718 North Interstate 35 Frontage Road,5.00,5.00,,http://cdn.askfavor.com/orders/17813299/image-5cd304c71a8ed.jpg,$19.74,$2.74,8.0,6.6,12.7
281,,,17812422,2019-05-08 10:52:48,Bill Miller BBQ - 709 East Ben White Boulevard,5.00,5.00,Awesome job!,http://cdn.askfavor.com/orders/17812422/image-5cd2ffa7cb259.jpg,$6.93,$0.96,11.0,7.3,8.3
282,,,17812257,2019-05-08 10:44:34,Bill Miller BBQ - 8103 Burnet Road,5.00,5.00,"Loved the food and portion sizes. Very fair price to have essentially two lunches worth of food delivered and Ali was very kind, courteous, and fast.",http://cdn.askfavor.com/orders/17812257/image-5cd2fcfdbd7b7.jpg,$16.17,$2.24,9.6,4.0,10.7
283,,,17811901,2019-05-08 10:22:56,Bill Miller BBQ - 14718 North Interstate 35 Frontage Road,,,,http://cdn.askfavor.com/orders/17811901/image-5cd2feda60842.jpg,$9.99,$1.38,11.0,33.5,7.9
284,,,17811354,2019-05-08 09:36:53,Bill Miller BBQ - 709 East Ben White Boulevard,,,,http://cdn.askfavor.com/orders/17811354/image-5cd2ed921d7bb.jpg,$5.81,$0.81,9.1,8.4,8.6
285,,,17811328,2019-05-08 09:34:26,Bill Miller BBQ - 14718 North Interstate 35 Frontage Road,,,,http://cdn.askfavor.com/orders/17811328/image-5cd2ef7e1ce6f.jpg,$5.22,$0.72,17.3,10.6,15.7
286,,,17811089,2019-05-08 09:11:07,Bill Miller BBQ - 1651 West Whitestone Boulevard,,,,http://cdn.askfavor.com/orders/17811089/image-5cd2ed6c8ccbc.jpg,$8.08,$1.12,39.8,2.3,16.5
287,,,17811060,2019-05-08 09:08:32,Bill Miller BBQ - 8103 Burnet Road,,,,http://cdn.askfavor.com/orders/17811060/image-5cd2e601d782f.jpg,$7.98,$1.11,8.5,25.5,26.4
288,,,17810952,2019-05-08 08:55:28,Bill Miller BBQ - 14718 North Interstate 35 Frontage Road,,,,http://cdn.askfavor.com/orders/17810952/image-5cd2e27d18170.jpg,$4.95,$0.69,6.3,3.6,7.6
289,,,17810930,2019-05-08 08:53:48,Bill Miller BBQ - 8103 Burnet Road,5.00,5.00,,http://cdn.askfavor.com/orders/17810930/image-5cd2e8e4df8dc.jpg,$18.54,$2.57,9.5,23.9,4.9
290,,,17810816,2019-05-08 08:42:06,Bill Miller BBQ - 136 West Slaughter Lane,5.00,5.00,I was trying to tip him more but couldn't figure out how?,http://cdn.askfavor.com/orders/17810816/image-5cd2e6eaebf1e.jpg,$15.75,$2.18,9.4,16.4,10.3
291,,,17810561,2019-05-08 08:15:27,Bill Miller BBQ - 8103 Burnet Road,5.00,5.00,,http://cdn.askfavor.com/orders/17810561/image-5cd2e08cdc7a0.jpg,$9.49,$1.32,10.8,8.1,10.5
292,,,17810531,2019-05-08 08:11:26,Bill Miller BBQ - 8103 Burnet Road,,,,http://cdn.askfavor.com/orders/17810531/image-5cd2e05e7fde7.jpg,$9.89,$1.37,11.5,20.9,17.8
293,,,17810319,2019-05-08 07:43:14,Bill Miller BBQ - 709 East Ben White Boulevard,5.00,5.00,,http://cdn.askfavor.com/orders/17810319/image-5cd2d6a66835f.jpg,$8.02,$1.11,10.3,7.7,8.9
294,,,17810270,2019-05-08 07:30:32,Bill Miller BBQ - 14718 North Interstate 35 Frontage Road,2.00,2.00,"It took over an hour for me to receive my food, and my tacos were cold",http://cdn.askfavor.com/orders/17810270/image-5cd2ded5f3912.jpg,$8.91,$1.23,11.6,5.5,9.2
295,,,17810204,2019-05-08 07:04:15,Bill Miller BBQ - 709 East Ben White Boulevard,,,,http://cdn.askfavor.com/orders/17810204/image-5cd2ca89b2b5f.jpg,$11.53,$1.60,16.5,4.1,16.3
296,,,17806930,2019-05-07 20:03:23,Bill Miller BBQ - 709 East Ben White Boulevard,,,,http://cdn.askfavor.com/orders/17806930/image-5cd2330e5f65d.jpg,$16.02,$2.22,23.9,2.9,12.7
297,,,17806886,2019-05-07 20:02:13,Bill Miller BBQ - 8103 Burnet Road,5.00,5.00,,http://cdn.askfavor.com/orders/17806886/image-5cd237866fae9.jpg,$15.58,$2.16,19.9,5.8,18.1
298,,,17805865,2019-05-07 19:31:57,Bill Miller BBQ - 8700 U.S. 290,5.00,5.00,,http://cdn.askfavor.com/orders/17805865/image-5cd22bb7b6786.jpg,$7.69,$1.07,26.2,0.8,5.9
299,,,17804628,2019-05-07 18:59:17,Bill Miller BBQ - 14718 North Interstate 35 Frontage Road,,,,http://cdn.askfavor.com/orders/17804628/image-5cd2263845ed3.jpg,$29.61,$4.10,38.4,6.7,15.2
300,,,17803989,2019-05-07 18:43:33,Bill Miller BBQ - 1651 West Whitestone Boulevard,5.00,5.00,,http://cdn.askfavor.com/orders/17803989/image-5cd21b3f0deb5.jpg,$8.75,$1.21,9.2,3.8,12.9
301,,,17803660,2019-05-07 18:35:28,Bill Miller BBQ - 14718 North Interstate 35 Frontage Road,1.00,1.00,never recieved!,http://cdn.askfavor.com/orders/17803660/image-5cd21d5a83d75.jpg,$26.00,$3.60,16.5,17.3,14.5
302,,,17803308,2019-05-07 18:27:41,Bill Miller BBQ - 709 East Ben White Boulevard,,,,http://cdn.askfavor.com/orders/17803308/image-5cd217205d7ec.jpg,$19.15,$2.65,9.9,0.9,9.6
303,,,17803043,2019-05-07 18:21:51,Laguna Madre Seafood Company - 18195 U.S. 281,5.00,5.00,,http://cdn.askfavor.com/orders/17803043/image-5cd214f4a5a69.jpg,$23.06,$3.20,6.3,41.9,0.0
304,,,17802350,2019-05-07 18:03:49,Bill Miller BBQ - 136 West Slaughter Lane,5.00,1.00,"Marcus was awesome, he made sure I got the right items and asked if there was anything else I needed. So five stars for him! I would give him 10 stars if I could. The food however, was disappointing and the chicken was bland.",http://cdn.askfavor.com/orders/17802350/image-5cd216769755c.jpg,$7.50,$1.04,28.0,14.2,0.1
305,,,17800754,2019-05-07 17:15:21,Laguna Madre Seafood Company - 18195 U.S. 281,,,,http://cdn.askfavor.com/orders/17800754/image-5cd20bd30e9fb.jpg,$29.34,$4.07,34.3,0.4,27.8
306,,,17799645,2019-05-07 16:29:23,Bill Miller BBQ - 1646 Main Street #3393,5.00,5.00,,http://cdn.askfavor.com/orders/17799645/image-5cd1f9f4a9bbe.jpg,$6.01,$0.83,3.4,9.3,0.1
307,,,17799324,2019-05-07 16:11:47,Laguna Madre Seafood Company - 18195 U.S. 281,5.00,5.00,,http://cdn.askfavor.com/orders/17799324/image-5cd2016fadebf.jpg,$19.31,$2.68,35.9,27.9,0.1
308,,,17798222,2019-05-07 14:56:55,Laguna Madre Seafood Company - 10614 Westover Hills Boulevard,,,,http://cdn.askfavor.com/orders/17798222/image-5cd1e69cc736d.jpg,$5.09,$0.71,13.5,8.5,15.7
309,,,17796276,2019-05-07 13:06:44,Bill Miller BBQ - 136 West Slaughter Lane,5.00,5.00,,http://cdn.askfavor.com/orders/17796276/image-5cd1cef2bae53.jpg,$8.71,$1.21,19.9,24.9,0.0
310,,,17796091,2019-05-07 12:58:20,Bill Miller BBQ - 8103 Burnet Road,,,,http://cdn.askfavor.com/orders/17796091/image-5cd1c8f56642e.jpg,$25.44,$3.53,6.9,0.4,9.6
311,,,17795273,2019-05-07 12:27:50,Bill Miller BBQ - 14718 North Interstate 35 Frontage Road,5.00,3.00,,http://cdn.askfavor.com/orders/17795273/image-5cd1c66c4222a.jpg,$28.17,$3.90,24.0,7.5,10.9
312,,,17794233,2019-05-07 11:54:27,Bill Miller BBQ - 8103 Burnet Road,,,,http://cdn.askfavor.com/orders/17794233/image-5cd1bf2832ffd.jpg,$7.25,$1.00,14.5,11.1,1.8
313,,,17794047,2019-05-07 11:48:20,Bill Miller BBQ - 8103 Burnet Road,,,,http://cdn.askfavor.com/orders/17794047/image-5cd1bb524d2ac.jpg,$10.25,$1.42,17.3,1.8,8.6
314,,,17793090,2019-05-07 11:19:47,Bill Miller BBQ - 8700 U.S. 290,5.00,1.00,I was missing an item,http://cdn.askfavor.com/orders/17793090/image-5cd1bc92d0931.jpg,$12.59,$1.74,12.5,15.1,13.6
315,,,17792171,2019-05-07 10:47:15,Bill Miller BBQ - 709 East Ben White Boulevard,5.00,5.00,,http://cdn.askfavor.com/orders/17792171/image-5cd1b13a30c26.jpg,$14.06,$1.95,19.0,13.3,10.3
316,,,17792151,2019-05-07 10:46:23,Bill Miller BBQ - 14718 North Interstate 35 Frontage Road,5.00,5.00,,http://cdn.askfavor.com/orders/17792151/image-5cd1aae753e00.jpg,$16.24,$2.25,8.6,2.5,14.0
317,,,17791959,2019-05-07 10:33:07,Bill Miller BBQ - 1651 West Whitestone Boulevard,,,,http://cdn.askfavor.com/orders/17791959/image-5cd1a7540ae59.jpg,$9.04,$1.25,5.9,3.1,6.6
318,,,17791741,2019-05-07 10:15:08,Bill Miller BBQ - 8103 Burnet Road,,,,http://cdn.askfavor.com/orders/17791741/image-5cd1a40986d9f.jpg,$5.07,$0.70,12.1,0.6,7.5
319,,,17791387,2019-05-07 09:35:38,Bill Miller BBQ - 14718 North Interstate 35 Frontage Road,5.00,5.00,Great,http://cdn.askfavor.com/orders/17791387/image-5cd199e3bf0c9.jpg,$26.43,$3.66,7.5,4.1,14.0
320,,,17791364,2019-05-07 09:33:44,Bill Miller BBQ - 14718 North Interstate 35 Frontage Road,5.00,5.00,,http://cdn.askfavor.com/orders/17791364/image-5cd19b51d646f.jpg,$5.17,$0.72,13.0,4.1,7.7
321,,,17791190,2019-05-07 09:17:30,Bill Miller BBQ - 709 East Ben White Boulevard,,,,http://cdn.askfavor.com/orders/17791190/image-5cd1972551b4f.jpg,$6.88,$0.95,12.7,9.2,7.2
322,,,17791188,2019-05-07 09:17:19,Bill Miller BBQ - 8103 Burnet Road,,,,http://cdn.askfavor.com/orders/17791188/image-5cd198d387042.jpg,$9.97,$1.38,19.9,0.8,19.4
323,,,17791156,2019-05-07 09:13:19,Bill Miller BBQ - 709 East Ben White Boulevard,5.00,3.00,,http://cdn.askfavor.com/orders/17791156/image-5cd1984496e2e.jpg,$26.55,$3.68,12.8,12.0,12.3
324,,,17791106,2019-05-07 09:06:28,Bill Miller BBQ - 8103 Burnet Road,,,,http://cdn.askfavor.com/orders/17791106/image-5cd195a0cdb4f.jpg,$9.49,$1.32,16.1,2.1,7.7
325,,,17790984,2019-05-07 08:51:53,Bill Miller BBQ - 709 East Ben White Boulevard,4.00,1.00,,http://cdn.askfavor.com/orders/17790984/image-5cd192a6aced0.jpg,$10.20,$1.41,9.0,8.7,13.4
326,,,17790860,2019-05-07 08:37:39,Bill Miller BBQ - 14718 North Interstate 35 Frontage Road,,,,http://cdn.askfavor.com/orders/17790860/image-5cd18c78e558f.jpg,$15.93,$2.21,8.2,6.7,23.2
327,,,17790812,2019-05-07 08:33:26,Bill Miller BBQ - 8103 Burnet Road,,,,http://cdn.askfavor.com/orders/17790812/image-5cd18e89edff8.jpg,$10.34,$1.43,22.4,2.6,16.6
328,,,17790745,2019-05-07 08:26:33,Bill Miller BBQ - 1651 West Whitestone Boulevard,5.00,5.00,great service! thank you!,http://cdn.askfavor.com/orders/17790745/image-5cd190c1b0fce.jpg,$14.98,$2.08,25.2,14.3,10.9
329,,,17790579,2019-05-07 08:06:54,Bill Miller BBQ - 709 East Ben White Boulevard,5.00,5.00,,http://cdn.askfavor.com/orders/17790579/image-5cd18629d4397.jpg,$8.02,$1.11,12.4,0.4,10.7
330,,,17790415,2019-05-07 07:36:53,Bill Miller BBQ - 14718 North Interstate 35 Frontage Road,5.00,5.00,,http://cdn.askfavor.com/orders/17790415/image-5cd185a4b218a.jpg,$14.41,$2.00,9.8,7.9,17.2
331,,,17790327,2019-05-07 07:13:47,Bill Miller BBQ - 14718 North Interstate 35 Frontage Road,,,,http://cdn.askfavor.com/orders/17790327/image-5cd179926a1e3.jpg,$30.18,$4.18,0.2,6.8,6.1
332,,,17790312,2019-05-07 07:06:17,Bill Miller BBQ - 14718 North Interstate 35 Frontage Road,4.00,2.00,,http://cdn.askfavor.com/orders/17790312/image-5cd177df14752.jpg,$13.69,$1.90,11.9,1.3,31.7
333,,,17787813,2019-05-06 20:34:26,Bill Miller BBQ - 1651 West Whitestone Boulevard,5.00,5.00,,http://cdn.askfavor.com/orders/17787813/image-5cd0e7920aa8e.jpg,$45.17,$6.26,8.2,24.7,21.1
334,,,17786367,2019-05-06 19:49:01,Bill Miller BBQ - 709 East Ben White Boulevard,,,,http://cdn.askfavor.com/orders/17786367/image-5cd0dd35330e9.jpg,$12.72,$1.76,17.4,7.3,6.5
335,,,17785747,2019-05-06 19:31:56,Bill Miller BBQ - 136 West Slaughter Lane,,,,http://cdn.askfavor.com/orders/17785747/image-5cd0d830858e0.jpg,$18.39,$2.55,21.6,0.4,9.1
336,,,17784570,2019-05-06 18:59:24,Bill Miller BBQ - 8700 U.S. 290,4.00,4.00,,http://cdn.askfavor.com/orders/17784570/image-5cd0ce9b85481.jpg,$12.12,$1.68,9.6,5.0,10.8
337,,,17781141,2019-05-06 17:28:50,Bill Miller BBQ - 1651 West Whitestone Boulevard,,,,http://cdn.askfavor.com/orders/17781141/image-5cd0bcdeb318f.jpg,$11.60,$1.61,23.5,5.9,7.0
338,,,17779917,2019-05-06 16:41:17,Bill Miller BBQ - 709 East Ben White Boulevard,5.00,5.00,,http://cdn.askfavor.com/orders/17779917/image-5cd0acc5e8dfa.jpg,$20.68,$2.87,8.3,16.0,12.3
339,,,17779351,2019-05-06 16:13:51,Bill Miller BBQ - 136 West Slaughter Lane,,,,http://cdn.askfavor.com/orders/17779351/image-5cd0a85ca0020.jpg,$10.25,$1.42,11.7,8.8,9.1
340,,,17779061,2019-05-06 15:54:07,Bill Miller BBQ - 14718 North Interstate 35 Frontage Road,,,,http://cdn.askfavor.com/orders/17779061/image-5cd0aa1e8903f.jpg,$12.02,$1.67,36.0,3.5,20.5
341,,,17778745,2019-05-06 15:32:57,Bill Miller BBQ - 136 West Slaughter Lane,5.00,5.00,,http://cdn.askfavor.com/orders/17778745/image-5cd09fd72531f.jpg,$8.48,$1.18,20.7,1.9,8.8
342,,,17778727,2019-05-06 15:32:08,Bill Miller BBQ - 1651 West Whitestone Boulevard,5.00,5.00,,http://cdn.askfavor.com/orders/17778727/image-5cd09c9b4ba85.jpg,$21.75,$3.01,8.7,8.7,10.5
343,,,17778362,2019-05-06 15:10:33,Bill Miller BBQ - 8103 Burnet Road,,,,http://cdn.askfavor.com/orders/17778362/image-5cd097bc7b0b7.jpg,$16.25,$2.25,10.9,8.0,11.2
344,,,17776998,2019-05-06 13:48:17,Bill Miller BBQ - 8103 Burnet Road,,,,http://cdn.askfavor.com/orders/17776998/image-5cd083876217e.jpg,$9.04,$1.25,7.0,1.1,6.3
345,,,17776525,2019-05-06 13:27:58,Bill Miller BBQ - 14718 North Interstate 35 Frontage Road,,,,http://cdn.askfavor.com/orders/17776525/image-5cd07edd16d81.jpg,$16.26,$2.25,3.4,6.5,20.5
346,,,17775865,2019-05-06 13:00:07,Bill Miller BBQ - 14718 North Interstate 35 Frontage Road,5.00,5.00,,http://cdn.askfavor.com/orders/17775865/image-5cd07c8ad50db.jpg,$27.99,$3.88,15.9,21.5,5.9
347,,,17775606,2019-05-06 12:50:19,Laguna Madre Seafood Company - 10614 Westover Hills Boulevard,5.00,5.00,,http://cdn.askfavor.com/orders/17775606/image-5cd075a8d7b45.jpg,$18.23,$2.53,4.3,9.6,10.2
348,,,17775442,2019-05-06 12:44:11,Bill Miller BBQ - 709 East Ben White Boulevard,,,,http://cdn.askfavor.com/orders/17775442/image-5cd079b45120f.jpg,$16.00,$2.22,15.5,19.7,3.1
349,,,17775441,2019-05-06 12:44:10,Bill Miller BBQ - 1651 West Whitestone Boulevard,,,,http://cdn.askfavor.com/orders/17775441/image-5cd07829190af.jpg,$20.50,$2.84,14.6,7.9,23.6
350,,,17774567,2019-05-06 12:15:07,Bill Miller BBQ - 136 West Slaughter Lane,,,,http://cdn.askfavor.com/orders/17774567/image-5cd070798caa4.jpg,$9.04,$1.25,3.3,7.8,5.7
351,,,17774470,2019-05-06 12:11:17,Laguna Madre Seafood Company - 18195 U.S. 281,,,,http://cdn.askfavor.com/orders/17774470/image-5cd0708d17e1b.jpg,$9.69,$1.34,15.6,9.3,11.9
352,,,17773040,2019-05-06 11:27:36,Bill Miller BBQ - 709 East Ben White Boulevard,,,,http://cdn.askfavor.com/orders/17773040/image-5cd064463a81e.jpg,$10.25,$1.42,11.8,5.1,12.6
353,,,17772787,2019-05-06 11:19:08,Bill Miller BBQ - 136 West Slaughter Lane,5.00,5.00,,http://cdn.askfavor.com/orders/17772787/image-5cd0688535078.jpg,$16.37,$2.27,23.8,4.0,8.9
354,,,17771819,2019-05-06 10:44:16,Bill Miller BBQ - 14718 North Interstate 35 Frontage Road,,,,http://cdn.askfavor.com/orders/17771819/image-5cd05922861f8.jpg,$6.99,$0.97,11.6,10.9,19.6
355,,,17771749,2019-05-06 10:39:35,Bill Miller BBQ - 8103 Burnet Road,,,,http://cdn.askfavor.com/orders/17771749/image-5cd0567ed846d.jpg,$6.96,$0.96,3.0,6.1,11.1
356,,,17771738,2019-05-06 10:39:05,Bill Miller BBQ - 14718 North Interstate 35 Frontage Road,5.00,5.00,Great,http://cdn.askfavor.com/orders/17771738/image-5cd05a4f97481.jpg,$26.43,$3.66,17.2,10.4,53.4
357,,,17771686,2019-05-06 10:35:28,Bill Miller BBQ - 1651 West Whitestone Boulevard,5.00,5.00,,http://cdn.askfavor.com/orders/17771686/image-5cd057d0ae424.jpg,$19.65,$2.72,7.2,5.0,14.3
358,,,17771562,2019-05-06 10:27:21,Bill Miller BBQ - 709 East Ben White Boulevard,,,,http://cdn.askfavor.com/orders/17771562/image-5cd05924930c7.jpg,$8.63,$1.20,28.0,3.5,20.2
359,,,17771416,2019-05-06 10:15:22,Bill Miller BBQ - 136 West Slaughter Lane,5.00,5.00,,http://cdn.askfavor.com/orders/17771416/image-5cd0572738073.jpg,$9.18,$1.27,8.5,7.1,9.5
360,,,17771004,2019-05-06 09:36:46,Bill Miller BBQ - 709 East Ben White Boulevard,,,,http://cdn.askfavor.com/orders/17771004/image-5cd04dce1dcfe.jpg,$16.28,$2.26,28.9,6.3,7.0
361,,,17770593,2019-05-06 08:52:35,Bill Miller BBQ - 14718 North Interstate 35 Frontage Road,,,,http://cdn.askfavor.com/orders/17770593/image-5cd042f22b2db.jpg,$5.22,$0.72,18.2,5.4,18.7
362,,,17770592,2019-05-06 08:51:37,Bill Miller BBQ - 8700 U.S. 290,5.00,5.00,Dominique and I love you’re awesome service Jennifer! Greatly appreciated ?,http://cdn.askfavor.com/orders/17770592/image-5cd03fa8d0dbd.jpg,$6.74,$0.93,9.4,12.9,10.5
363,,,17770252,2019-05-06 08:17:25,Bill Miller BBQ - 14718 North Interstate 35 Frontage Road,,,,http://cdn.askfavor.com/orders/17770252/image-5cd03cde3ded6.jpg,$12.67,$1.76,12.1,11.2,0.1
364,,,17770201,2019-05-06 08:09:31,Bill Miller BBQ - 8103 Burnet Road,,,,http://cdn.askfavor.com/orders/17770201/image-5cd0465d09d80.jpg,$8.41,$1.17,11.9,1.9,5.8
365,,,17770200,2019-05-06 08:09:28,Bill Miller BBQ - 709 East Ben White Boulevard,,,,http://cdn.askfavor.com/orders/17770200/image-5cd03b8dd7248.jpg,$11.86,$1.64,23.9,2.5,26.1
366,,,17769939,2019-05-06 07:44:10,Bill Miller BBQ - 709 East Ben White Boulevard,1.00,4.00,delivery driver hung up the phone twice on me.. delivery the food to a stranger. very un happy with his service,http://cdn.askfavor.com/orders/17769939/image-5cd032f055645.jpg,$8.40,$1.16,14.6,1.4,15.4
367,,,17769935,2019-05-06 07:41:55,Bill Miller BBQ - 136 West Slaughter Lane,5.00,5.00,,http://cdn.askfavor.com/orders/17769935/image-5cd038010034f.jpg,$9.48,$1.31,11.7,7.3,2.6
368,,,17769893,2019-05-06 07:32:07,Bill Miller BBQ - 8103 Burnet Road,,,,http://cdn.askfavor.com/orders/17769893/image-5cd032f693b55.jpg,$4.74,$0.66,0.1,37.2,10.4
369,,,17769884,2019-05-06 07:29:29,Bill Miller BBQ - 709 East Ben White Boulevard,5.00,5.00,,http://cdn.askfavor.com/orders/17769884/image-5cd02e62452e3.jpg,$8.02,$1.11,16.5,7.2,10.2
370,,,17769828,2019-05-06 07:10:08,Bill Miller BBQ - 136 West Slaughter Lane,5.00,5.00,,http://cdn.askfavor.com/orders/17769828/image-5cd0360f02574.jpg,$8.31,$1.15,9.1,22.4,0.0
371,,,17764459,2019-05-05 19:34:07,Laguna Madre Seafood Company - 10614 Westover Hills Boulevard,,,,http://cdn.askfavor.com/orders/17764459/image-5ccf858af1b01.jpg,$17.31,$2.40,17.0,22.6,0.1
372,,,17763910,2019-05-05 19:23:45,Bill Miller BBQ - 709 East Ben White Boulevard,,,,http://cdn.askfavor.com/orders/17763910/image-5ccf86f4da3ba.jpg,$26.00,$3.60,17.7,2.8,7.1
373,,,17763311,2019-05-05 19:11:26,Bill Miller BBQ - 8103 Burnet Road,5.00,5.00,,http://cdn.askfavor.com/orders/17763311/image-5ccf81b641416.jpg,$48.50,$6.72,8.5,21.9,0.3
374,,,17763116,2019-05-05 19:07:53,Bill Miller BBQ - 14718 North Interstate 35 Frontage Road,,,,http://cdn.askfavor.com/orders/17763116/image-5ccf81b1588dd.jpg,$14.00,$1.94,3.1,22.9,7.2
375,,,17761714,2019-05-05 18:41:01,Bill Miller BBQ - 8103 Burnet Road,,,,http://cdn.askfavor.com/orders/17761714/image-5ccf7ca3ea5db.jpg,$8.43,$1.17,21.5,5.9,16.6
376,,,17758606,2019-05-05 17:38:47,Laguna Madre Seafood Company - 18195 U.S. 281,5.00,5.00,,http://cdn.askfavor.com/orders/17758606/image-5ccf6c4289651.jpg,$8.12,$1.13,7.1,19.7,8.3
377,,,17758085,2019-05-05 17:28:44,Bill Miller BBQ - 8700 U.S. 290,,,,http://cdn.askfavor.com/orders/17758085/image-5ccf79f106250.jpg,$10.25,$1.42,9.2,14.3,17.1
378,,,17757920,2019-05-05 17:25:34,Bill Miller BBQ - 14718 North Interstate 35 Frontage Road,,,,http://cdn.askfavor.com/orders/17757920/image-5ccf66c069938.jpg,$48.69,$6.75,8.3,24.0,8.9
379,,,17757082,2019-05-05 17:06:37,Bill Miller BBQ - 8103 Burnet Road,,,,http://cdn.askfavor.com/orders/17757082/image-5ccf67ba6e223.jpg,$12.94,$1.79,21.1,16.7,0.3
380,,,17756892,2019-05-05 17:01:35,Bill Miller BBQ - 709 East Ben White Boulevard,5.00,5.00,,http://cdn.askfavor.com/orders/17756892/image-5ccf67239bec2.jpg,$10.44,$1.45,33.3,1.4,7.4
381,,,17756489,2019-05-05 16:50:19,Laguna Madre Seafood Company - 5123 Rigsby Avenue,,,,http://cdn.askfavor.com/orders/17756489/image-5ccf626745bb4.jpg,$38.71,$5.36,18.1,12.9,31.3
382,,,17753960,2019-05-05 15:28:32,Bill Miller BBQ - 709 East Ben White Boulevard,4.00,3.00,,http://cdn.askfavor.com/orders/17753960/image-5ccf4c17b7b38.jpg,$4.76,$0.66,14.7,4.1,21.6
383,,,17753331,2019-05-05 15:05:09,Bill Miller BBQ - 8103 Burnet Road,,,,http://cdn.askfavor.com/orders/17753331/image-5ccf44feedb21.jpg,$10.25,$1.42,10.4,2.5,8.0
384,,,17753085,2019-05-05 14:56:07,Bill Miller BBQ - 8700 U.S. 290,,,,http://cdn.askfavor.com/orders/17753085/image-5ccf46a0ed4b0.jpg,$12.87,$1.78,27.9,5.0,32.5
385,,,17752875,2019-05-05 14:47:26,Bill Miller BBQ - 14718 North Interstate 35 Frontage Road,5.00,5.00,,http://cdn.askfavor.com/orders/17752875/image-5ccf442fd7d2b.jpg,$21.41,$2.97,5.4,4.7,9.9
386,,,17752544,2019-05-05 14:35:18,Laguna Madre Seafood Company - 18195 U.S. 281,5.00,5.00,,http://cdn.askfavor.com/orders/17752544/image-5ccf3dd723e65.jpg,$14.98,$2.08,9.7,14.1,7.7
387,,,17751704,2019-05-05 14:05:11,Bill Miller BBQ - 8103 Burnet Road,5.00,5.00,,http://cdn.askfavor.com/orders/17751704/image-5ccf36a4bf42c.jpg,$14.34,$1.99,7.8,4.0,8.9
388,,,17751396,2019-05-05 13:53:38,Laguna Madre Seafood Company - 5123 Rigsby Avenue,,,,http://cdn.askfavor.com/orders/17751396/image-5ccf39b9cdc11.jpg,$12.50,$1.73,31.1,5.2,18.5
389,,,17751128,2019-05-05 13:43:38,Bill Miller BBQ - 8700 U.S. 290,5.00,5.00,,http://cdn.askfavor.com/orders/17751128/image-5ccf39804fb7d.jpg,$37.23,$5.16,29.8,7.3,7.3
390,,,17750368,2019-05-05 13:15:41,Bill Miller BBQ - 8103 Burnet Road,,,,http://cdn.askfavor.com/orders/17750368/image-5ccf2fb1b21f5.jpg,$12.56,$1.74,15.0,1.6,20.5
391,,,17750210,2019-05-05 13:10:09,Bill Miller BBQ - 709 East Ben White Boulevard,,,,http://cdn.askfavor.com/orders/17750210/image-5ccf353f1bdf7.jpg,$18.55,$2.57,35.8,6.5,13.6
392,,,17750026,2019-05-05 13:03:58,Bill Miller BBQ - 136 West Slaughter Lane,5.00,5.00,,http://cdn.askfavor.com/orders/17750026/image-5ccf29cf0393e.jpg,$15.19,$2.10,8.6,17.8,15.8
393,,,17749840,2019-05-05 12:57:36,Laguna Madre Seafood Company - 18195 U.S. 281,5.00,5.00,,http://cdn.askfavor.com/orders/17749840/image-5ccf2b1f1e039.jpg,$18.77,$2.60,19.1,18.6,6.5
394,,,17749734,2019-05-05 12:54:17,Bill Miller BBQ - 136 West Slaughter Lane,,,,http://cdn.askfavor.com/orders/17749734/image-5ccf27a73a99b.jpg,$17.86,$2.47,14.5,10.1,7.6
395,,,17749554,2019-05-05 12:47:30,Bill Miller BBQ - 709 East Ben White Boulevard,,,,http://cdn.askfavor.com/orders/17749554/image-5ccf2c72b58bc.jpg,$14.00,$1.94,27.3,2.3,6.7
396,,,17749269,2019-05-05 12:38:30,Bill Miller BBQ - 709 East Ben White Boulevard,,,,http://cdn.askfavor.com/orders/17749269/image-5ccf24991a0ac.jpg,$13.41,$1.86,18.0,3.1,9.4
397,,,17749018,2019-05-05 12:31:15,Laguna Madre Seafood Company - 18195 U.S. 281,,,,http://cdn.askfavor.com/orders/17749018/image-5ccf20efebf28.jpg,$18.67,$2.59,11.7,0.5,16.8
398,,,17748742,2019-05-05 12:23:12,Bill Miller BBQ - 709 East Ben White Boulevard,,,,http://cdn.askfavor.com/orders/17748742/image-5ccf2268f1e50.jpg,$14.01,$1.94,13.6,9.2,20.7
399,,,17748562,2019-05-05 12:17:37,Laguna Madre Seafood Company - 18195 U.S. 281,,,,http://cdn.askfavor.com/orders/17748562/image-5ccf1df511782.jpg,$11.85,$1.64,2.0,11.8,7.4
400,,,17748065,2019-05-05 12:01:21,Bill Miller BBQ - 14718 North Interstate 35 Frontage Road,,,,http://cdn.askfavor.com/orders/17748065/image-5ccf20e4e5938.jpg,$14.54,$2.01,25.4,35.6,0.1
401,,,17748028,2019-05-05 12:00:14,Bill Miller BBQ - 136 West Slaughter Lane,5.00,5.00,,http://cdn.askfavor.com/orders/17748028/image-5ccf1d4a2ec07.jpg,$18.62,$2.58,19.5,8.5,4.7
402,,,17747220,2019-05-05 11:32:29,Bill Miller BBQ - 709 East Ben White Boulevard,5.00,5.00,,http://cdn.askfavor.com/orders/17747220/image-5ccf172532d71.jpg,$14.35,$1.99,17.9,9.3,6.9
403,,,17746171,2019-05-05 10:54:37,Bill Miller BBQ - 8103 Burnet Road,5.00,5.00,,http://cdn.askfavor.com/orders/17746171/image-5ccf09aa5df6d.jpg,$26.45,$3.67,7.9,0.8,11.0
404,,,17745670,2019-05-05 10:27:50,Bill Miller BBQ - 14718 North Interstate 35 Frontage Road,,,,http://cdn.askfavor.com/orders/17745670/image-5ccf02a9ce452.jpg,$18.37,$2.55,5.8,0.5,11.2
405,,,17745511,2019-05-05 10:17:28,Bill Miller BBQ - 14718 North Interstate 35 Frontage Road,5.00,5.00,Great,http://cdn.askfavor.com/orders/17745511/image-5ccf02c2c7c0c.jpg,$26.43,$3.66,7.1,8.3,17.8
406,,,17745396,2019-05-05 10:10:32,Bill Miller BBQ - 14718 North Interstate 35 Frontage Road,5.00,5.00,,http://cdn.askfavor.com/orders/17745396/image-5ccf046d56a03.jpg,$4.73,$0.66,29.3,2.7,6.9
407,,,17745389,2019-05-05 10:09:55,Bill Miller BBQ - 14718 North Interstate 35 Frontage Road,5.00,5.00,,http://cdn.askfavor.com/orders/17745389/image-5ccf01bc99b92.jpg,$24.84,$3.44,19.5,5.8,25.2
408,,,17744751,2019-05-05 09:22:51,Bill Miller BBQ - 709 East Ben White Boulevard,,,,http://cdn.askfavor.com/orders/17744751/image-5ccef4d5a3fab.jpg,$10.95,$1.52,9.7,3.4,9.6
409,,,17744583,2019-05-05 09:07:39,Bill Miller BBQ - 709 East Ben White Boulevard,5.00,5.00,,http://cdn.askfavor.com/orders/17744583/image-5ccef26d8f388.jpg,$13.48,$1.87,10.7,8.2,3.3
410,,,17744568,2019-05-05 09:06:26,Bill Miller BBQ - 709 East Ben White Boulevard,,,,http://cdn.askfavor.com/orders/17744568/image-5ccef22dc4b46.jpg,$6.37,$0.88,10.7,2.8,18.7
411,,,17744119,2019-05-05 08:28:23,Bill Miller BBQ - 8103 Burnet Road,5.00,5.00,,http://cdn.askfavor.com/orders/17744119/image-5ccee8b9d5023.jpg,$24.59,$3.41,6.3,11.4,7.5
412,,,17744111,2019-05-05 08:27:35,Bill Miller BBQ - 14718 North Interstate 35 Frontage Road,,,,http://cdn.askfavor.com/orders/17744111/image-5ccee830845a2.jpg,$16.72,$2.32,13.7,8.9,43.6
413,,,17743951,2019-05-05 08:07:20,Bill Miller BBQ - 136 West Slaughter Lane,,,,http://cdn.askfavor.com/orders/17743951/image-5ccee18497400.jpg,$25.35,$3.51,5.3,2.7,14.8
414,,,17743835,2019-05-05 07:52:40,Bill Miller BBQ - 709 East Ben White Boulevard,5.00,5.00,,http://cdn.askfavor.com/orders/17743835/image-5ccedfc5532d4.jpg,$12.05,$1.67,12.8,0.7,5.3
415,,,17743783,2019-05-05 07:36:31,Bill Miller BBQ - 14718 North Interstate 35 Frontage Road,,,,http://cdn.askfavor.com/orders/17743783/image-5ccee0cb1e36e.jpg,$12.93,$1.79,14.1,4.2,6.7
416,,,17743715,2019-05-05 07:08:33,Bill Miller BBQ - 709 East Ben White Boulevard,,,,http://cdn.askfavor.com/orders/17743715/image-5cced78953c97.jpg,$8.02,$1.11,16.4,6.1,7.2
417,,,17737682,2019-05-04 20:13:37,Bill Miller BBQ - 136 West Slaughter Lane,5.00,5.00,,http://cdn.askfavor.com/orders/17737682/image-5cce3b72077b6.jpg,$6.22,$0.86,6.6,3.4,7.3
418,,,17737306,2019-05-04 20:05:51,Bill Miller BBQ - 709 East Ben White Boulevard,,,,http://cdn.askfavor.com/orders/17737306/image-5cce39817941f.jpg,$18.29,$2.53,7.0,2.8,10.1
419,,,17736909,2019-05-04 19:57:01,Bill Miller BBQ - 709 East Ben White Boulevard,5.00,5.00,,http://cdn.askfavor.com/orders/17736909/image-5cce3d17af410.jpg,$12.72,$1.76,11.9,9.6,7.8
420,,,17735465,2019-05-04 19:26:51,Laguna Madre Seafood Company - 18195 U.S. 281,5.00,5.00,,http://cdn.askfavor.com/orders/17735465/image-5cce348c0fdf8.jpg,$82.85,$11.48,15.8,12.9,8.3
421,,,17735181,2019-05-04 19:21:33,Bill Miller BBQ - 1651 West Whitestone Boulevard,5.00,2.00,,http://cdn.askfavor.com/orders/17735181/image-5cce347470bad.jpg,$52.23,$7.24,3.4,30.9,0.1
422,,,17734327,2019-05-04 19:03:53,Bill Miller BBQ - 136 West Slaughter Lane,5.00,1.00,,http://cdn.askfavor.com/orders/17734327/image-5cce2fe893a40.jpg,$20.24,$2.80,27.1,4.7,17.9
423,,,17733891,2019-05-04 18:54:40,Bill Miller BBQ - 136 West Slaughter Lane,5.00,3.00,,http://cdn.askfavor.com/orders/17733891/image-5cce2d0223160.jpg,$42.96,$5.95,19.6,3.8,16.2
424,,,17732899,2019-05-04 18:34:01,Bill Miller BBQ - 14718 North Interstate 35 Frontage Road,,,,http://cdn.askfavor.com/orders/17732899/image-5cce26366f37d.jpg,$12.07,$1.67,10.9,9.5,7.1
425,,,17732822,2019-05-04 18:32:34,Bill Miller BBQ - 136 West Slaughter Lane,,,,http://cdn.askfavor.com/orders/17732822/image-5cce2482d638f.jpg,$25.22,$3.49,9.5,5.3,10.6
426,,,17731930,2019-05-04 18:13:23,Laguna Madre Seafood Company - 18195 U.S. 281,,,,http://cdn.askfavor.com/orders/17731930/image-5cce2759aba91.jpg,$34.04,$4.72,42.8,3.2,10.1
427,,,17731768,2019-05-04 18:09:35,Laguna Madre Seafood Company - 18195 U.S. 281,5.00,5.00,,http://cdn.askfavor.com/orders/17731768/image-5cce1d4193bac.jpg,$8.12,$1.13,1.8,24.4,3.9
428,,,17731297,2019-05-04 17:58:15,Bill Miller BBQ - 14718 North Interstate 35 Frontage Road,,,,http://cdn.askfavor.com/orders/17731297/image-5cce1fe78fe83.jpg,$14.00,$1.94,25.2,3.7,9.7
429,,,17730518,2019-05-04 17:36:56,Bill Miller BBQ - 14718 North Interstate 35 Frontage Road,,,,http://cdn.askfavor.com/orders/17730518/image-5cce1a8ed0c31.jpg,$42.49,$5.89,14.7,4.2,13.8
430,,,17729312,2019-05-04 17:04:09,Bill Miller BBQ - 709 East Ben White Boulevard,,,,http://cdn.askfavor.com/orders/17729312/image-5cce1302ac448.jpg,$24.54,$3.40,20.0,3.1,5.5
431,,,17728420,2019-05-04 16:33:26,Bill Miller BBQ - 709 East Ben White Boulevard,,,,http://cdn.askfavor.com/orders/17728420/image-5cce0895b841e.jpg,$7.50,$1.04,6.6,7.7,9.4
432,,,17728359,2019-05-04 16:31:21,Bill Miller BBQ - 136 West Slaughter Lane,4.00,4.00,,http://cdn.askfavor.com/orders/17728359/image-5cce097012795.jpg,$17.64,$2.44,16.3,2.8,15.3
433,,,17728239,2019-05-04 16:27:28,Bill Miller BBQ - 8103 Burnet Road,,,,http://cdn.askfavor.com/orders/17728239/image-5cce06796aaea.jpg,$14.00,$1.94,10.0,19.0,0.8
434,,,17728184,2019-05-04 16:24:59,Bill Miller BBQ - 709 East Ben White Boulevard,,,,http://cdn.askfavor.com/orders/17728184/image-5cce091cb8275.jpg,$31.26,$4.33,11.1,4.9,6.8
435,,,17728050,2019-05-04 16:19:54,Bill Miller BBQ - 8103 Burnet Road,5.00,5.00,,http://cdn.askfavor.com/orders/17728050/image-5cce088e4fbc8.jpg,$6.33,$0.88,24.5,4.1,10.8
436,,,17727942,2019-05-04 16:16:06,Bill Miller BBQ - 136 West Slaughter Lane,,,,http://cdn.askfavor.com/orders/17727942/image-5cce045621eb8.jpg,$30.31,$4.20,6.1,7.8,8.3
437,,,17726919,2019-05-04 15:35:29,Bill Miller BBQ - 709 East Ben White Boulevard,,,,http://cdn.askfavor.com/orders/17726919/image-5ccdf8c68473a.jpg,$29.78,$4.13,2.7,12.0,20.7
438,,,17726870,2019-05-04 15:33:07,Laguna Madre Seafood Company - 18195 U.S. 281,5.00,5.00,,http://cdn.askfavor.com/orders/17726870/image-5ccdfb7ecb9c8.jpg,$12.99,$1.80,10.9,19.8,1.5
439,,,17726181,2019-05-04 15:04:57,Bill Miller BBQ - 1651 West Whitestone Boulevard,5.00,2.00,,http://cdn.askfavor.com/orders/17726181/image-5ccdf2c0e243e.jpg,$34.64,$4.80,7.6,7.4,8.8
440,,,17725526,2019-05-04 14:36:05,Bill Miller BBQ - 709 East Ben White Boulevard,5.00,5.00,,http://cdn.askfavor.com/orders/17725526/image-5ccdf0014a98c.jpg,$26.82,$3.72,18.8,4.6,20.3
441,,,17725115,2019-05-04 14:20:57,Bill Miller BBQ - 709 East Ben White Boulevard,5.00,5.00,,http://cdn.askfavor.com/orders/17725115/image-5ccde98892397.jpg,$10.76,$1.49,3.9,11.9,2.8
442,,,17724953,2019-05-04 14:14:32,Bill Miller BBQ - 136 West Slaughter Lane,,,,http://cdn.askfavor.com/orders/17724953/image-5ccdec0685afa.jpg,$27.71,$3.84,12.6,3.3,12.0
443,,,17724582,2019-05-04 13:57:56,Bill Miller BBQ - 14718 North Interstate 35 Frontage Road,,,,http://cdn.askfavor.com/orders/17724582/image-5ccde52584e3c.jpg,$8.36,$1.16,12.8,18.7,1.8
444,,,17724570,2019-05-04 13:57:27,Bill Miller BBQ - 1651 West Whitestone Boulevard,5.00,5.00,,http://cdn.askfavor.com/orders/17724570/image-5ccde9634e592.jpg,$12.72,$1.76,22.4,1.6,8.7
445,,,17724487,2019-05-04 13:54:25,Bill Miller BBQ - 1651 West Whitestone Boulevard,5.00,1.00,,http://cdn.askfavor.com/orders/17724487/image-5ccde5c7ac6e3.jpg,$16.24,$2.25,23.0,0.3,12.0
446,,,17723345,2019-05-04 13:13:08,Bill Miller BBQ - 14718 North Interstate 35 Frontage Road,5.00,5.00,,http://cdn.askfavor.com/orders/17723345/image-5ccddd5db9713.jpg,$12.49,$1.73,8.1,13.8,6.0
447,,,17722968,2019-05-04 12:59:56,Laguna Madre Seafood Company - 25127 Interstate 10,5.00,5.00,,http://cdn.askfavor.com/orders/17722968/image-5ccdd77194cbf.jpg,$21.05,$2.92,16.9,1.3,9.5
448,,,17722842,2019-05-04 12:55:09,Bill Miller BBQ - 136 West Slaughter Lane,,,,http://cdn.askfavor.com/orders/17722842/image-5ccdd82aa1354.jpg,$26.40,$3.66,18.2,9.9,17.7
449,,,17722436,2019-05-04 12:41:21,Bill Miller BBQ - 1651 West Whitestone Boulevard,5.00,5.00,,http://cdn.askfavor.com/orders/17722436/image-5ccdd17a0d26a.jpg,$28.00,$3.88,9.0,2.4,21.6
450,,,17722368,2019-05-04 12:39:02,Bill Miller BBQ - 709 East Ben White Boulevard,5.00,5.00,,http://cdn.askfavor.com/orders/17722368/image-5ccdd49b1dc03.jpg,$17.49,$2.42,18.3,8.9,13.2
451,,,17722335,2019-05-04 12:38:02,Bill Miller BBQ - 14718 North Interstate 35 Frontage Road,5.00,4.00,,http://cdn.askfavor.com/orders/17722335/image-5ccdd0c989fa3.jpg,$13.41,$1.86,6.6,5.4,7.6
452,,,17721831,2019-05-04 12:21:52,Bill Miller BBQ - 8103 Burnet Road,,,,http://cdn.askfavor.com/orders/17721831/image-5ccdcbad06fc0.jpg,$9.04,$1.25,4.7,1.8,5.8
453,,,17721718,2019-05-04 12:17:34,Bill Miller BBQ - 14718 North Interstate 35 Frontage Road,5.00,3.00,,http://cdn.askfavor.com/orders/17721718/image-5ccdd30acabe7.jpg,$36.73,$5.09,19.9,21.1,5.5
454,,,17720500,2019-05-04 11:35:39,Bill Miller BBQ - 709 East Ben White Boulevard,5.00,5.00,,http://cdn.askfavor.com/orders/17720500/image-5ccdc25c8b681.jpg,$10.48,$1.45,1.2,22.8,0.0
455,,,17719976,2019-05-04 11:16:57,Bill Miller BBQ - 1651 West Whitestone Boulevard,5.00,3.00,,http://cdn.askfavor.com/orders/17719976/image-5ccdc104d1216.jpg,$12.45,$1.73,18.1,7.7,5.7
456,,,17719900,2019-05-04 11:13:30,Laguna Madre Seafood Company - 10614 Westover Hills Boulevard,,,,http://cdn.askfavor.com/orders/17719900/image-5ccdbcfab4928.jpg,$8.97,$1.24,4.2,7.6,5.8
457,,,17719847,2019-05-04 11:11:25,Bill Miller BBQ - 8103 Burnet Road,5.00,5.00,,http://cdn.askfavor.com/orders/17719847/image-5ccdbc161d568.jpg,$16.13,$2.24,9.6,24.4,3.6
458,,,17719846,2019-05-04 11:11:19,Bill Miller BBQ - 8103 Burnet Road,,,,http://cdn.askfavor.com/orders/17719846/image-5ccdbc6d315c5.jpg,$6.22,$0.86,7.5,7.3,4.4
459,,,17719563,2019-05-04 10:59:27,Bill Miller BBQ - 709 East Ben White Boulevard,5.00,5.00,,http://cdn.askfavor.com/orders/17719563/image-5ccdbf1926053.jpg,$10.52,$1.46,14.7,16.3,8.3
460,,,17719391,2019-05-04 10:49:14,Bill Miller BBQ - 14718 North Interstate 35 Frontage Road,5.00,5.00,Great,http://cdn.askfavor.com/orders/17719391/image-5ccdba12e9aea.jpg,$26.43,$3.66,16.3,6.7,20.0
461,,,17719291,2019-05-04 10:43:20,Bill Miller BBQ - 1651 West Whitestone Boulevard,5.00,5.00,,http://cdn.askfavor.com/orders/17719291/image-5ccdb94d13435.jpg,$43.32,$6.00,20.4,8.5,14.4
462,,,17719078,2019-05-04 10:31:44,Bill Miller BBQ - 136 West Slaughter Lane,,,,http://cdn.askfavor.com/orders/17719078/image-5ccdb349356c1.jpg,$9.70,$1.34,4.2,8.4,66.6
463,,,17718500,2019-05-04 09:57:50,Bill Miller BBQ - 709 East Ben White Boulevard,5.00,5.00,,http://cdn.askfavor.com/orders/17718500/image-5ccdab9a46764.jpg,$5.81,$0.81,10.0,6.3,6.0
464,,,17718451,2019-05-04 09:54:20,Bill Miller BBQ - 709 East Ben White Boulevard,5.00,4.00,,http://cdn.askfavor.com/orders/17718451/image-5ccdad3eab31f.jpg,$17.57,$2.43,21.0,0.7,11.9
465,,,17718412,2019-05-04 09:51:26,Bill Miller BBQ - 8103 Burnet Road,,,,http://cdn.askfavor.com/orders/17718412/image-5ccda97182fb8.jpg,$10.55,$1.46,10.1,0.4,12.0
466,,,17718403,2019-05-04 09:50:55,Bill Miller BBQ - 136 West Slaughter Lane,,,,http://cdn.askfavor.com/orders/17718403/image-5ccdaf6e8a917.jpg,$15.83,$2.19,30.8,5.9,5.9
467,,,17718345,2019-05-04 09:46:44,Bill Miller BBQ - 709 East Ben White Boulevard,,,,http://cdn.askfavor.com/orders/17718345/image-5ccda8cdd4bb2.jpg,$16.09,$2.23,10.4,6.3,12.5
468,,,17718288,2019-05-04 09:43:22,Bill Miller BBQ - 14718 North Interstate 35 Frontage Road,5.00,5.00,Super fast and friendly - thank you!,http://cdn.askfavor.com/orders/17718288/image-5ccda94a5d920.jpg,$17.90,$2.48,14.6,3.6,11.5
469,,,17718260,2019-05-04 09:40:48,Bill Miller BBQ - 8700 U.S. 290,,,,http://cdn.askfavor.com/orders/17718260/image-5ccda8a219dd7.jpg,$77.91,$10.80,17.4,3.8,7.6
470,,,17718143,2019-05-04 09:32:18,Bill Miller BBQ - 136 West Slaughter Lane,5.00,5.00,,http://cdn.askfavor.com/orders/17718143/image-5ccda87630c49.jpg,$19.83,$2.75,10.0,16.9,7.9
471,,,17717834,2019-05-04 09:09:05,Bill Miller BBQ - 136 West Slaughter Lane,5.00,5.00,,http://cdn.askfavor.com/orders/17717834/image-5ccda281d3dd9.jpg,$19.38,$2.69,22.4,0.5,19.1
472,,,17717817,2019-05-04 09:07:11,Bill Miller BBQ - 709 East Ben White Boulevard,5.00,5.00,,http://cdn.askfavor.com/orders/17717817/image-5ccda14371560.jpg,$9.96,$1.38,9.9,9.8,12.7
473,,,17717797,2019-05-04 09:06:09,Bill Miller BBQ - 136 West Slaughter Lane,,,,http://cdn.askfavor.com/orders/17717797/image-5ccda031439da.jpg,$17.34,$2.40,4.9,11.6,4.8
474,,,17717764,2019-05-04 09:03:11,Bill Miller BBQ - 709 East Ben White Boulevard,5.00,5.00,,http://cdn.askfavor.com/orders/17717764/image-5ccda04d8908a.jpg,$4.37,$0.61,13.3,5.7,4.8
475,,,17717616,2019-05-04 08:52:22,Bill Miller BBQ - 709 East Ben White Boulevard,,,,http://cdn.askfavor.com/orders/17717616/image-5ccd9f20f3604.jpg,$10.46,$1.45,16.0,10.0,8.0
476,,,17717562,2019-05-04 08:45:25,Bill Miller BBQ - 14718 North Interstate 35 Frontage Road,,,,http://cdn.askfavor.com/orders/17717562/image-5ccd9c8ccfea6.jpg,$11.65,$1.61,6.1,10.5,12.8
477,,,17717248,2019-05-04 08:15:46,Bill Miller BBQ - 14718 North Interstate 35 Frontage Road,5.00,5.00,,http://cdn.askfavor.com/orders/17717248/image-5ccd9593acb10.jpg,$13.26,$1.84,14.4,17.6,0.0
478,,,17711104,2019-05-03 20:00:24,Bill Miller BBQ - 1646 Main Street #3393,5.00,5.00,,http://cdn.askfavor.com/orders/17711104/image-5ccce9cc867f7.jpg,$17.49,$2.42,4.1,22.8,9.0
479,,,17709575,2019-05-03 19:22:10,Laguna Madre Seafood Company - 18195 U.S. 281,,,,http://cdn.askfavor.com/orders/17709575/image-5cccdf50a2fc2.jpg,$27.39,$3.80,9.7,7.6,15.9
480,,,17708327,2019-05-03 18:57:54,Bill Miller BBQ - 1651 West Whitestone Boulevard,5.00,5.00,,http://cdn.askfavor.com/orders/17708327/image-5cccdb206699a.jpg,$23.04,$3.19,17.0,5.7,11.2
481,,,17707344,2019-05-03 18:40:47,Bill Miller BBQ - 1651 West Whitestone Boulevard,,,,http://cdn.askfavor.com/orders/17707344/image-5cccd9c0ddfc3.jpg,$26.00,$3.60,17.0,18.4,8.2
482,,,17706901,2019-05-03 18:33:00,Laguna Madre Seafood Company - 10614 Westover Hills Boulevard,1.00,1.00,"Communication was bad, and part of my order was missing. I contacted customer service to no satisfaction.",http://cdn.askfavor.com/orders/17706901/image-5cccd4263b4d9.jpg,$23.71,$3.29,16.0,2.9,15.1
483,,,17705974,2019-05-03 18:17:09,Bill Miller BBQ - 14718 North Interstate 35 Frontage Road,,,,http://cdn.askfavor.com/orders/17705974/image-5cccd217a0feb.jpg,$31.31,$4.34,13.6,4.8,16.7
484,,,17705869,2019-05-03 18:15:34,Bill Miller BBQ - 136 West Slaughter Lane,,,,http://cdn.askfavor.com/orders/17705869/image-5cccd69ead5d9.jpg,$9.04,$1.25,4.3,27.3,27.3
485,,,17705487,2019-05-03 18:09:02,Laguna Madre Seafood Company - 18195 U.S. 281,,,,http://cdn.askfavor.com/orders/17705487/image-5cccd247b91c7.jpg,$35.13,$4.87,22.4,6.2,12.3
486,,,17705020,2019-05-03 17:59:41,Laguna Madre Seafood Company - 10614 Westover Hills Boulevard,,,,http://cdn.askfavor.com/orders/17705020/image-5ccccd05f0dee.jpg,$10.16,$1.41,14.2,5.8,9.1
487,,,17704767,2019-05-03 17:54:29,Laguna Madre Seafood Company - 18195 U.S. 281,5.00,5.00,,http://cdn.askfavor.com/orders/17704767/image-5cccd4f0901cb.jpg,$18.77,$2.60,2.5,53.8,16.7
488,,,17704565,2019-05-03 17:50:06,Bill Miller BBQ - 136 West Slaughter Lane,5.00,5.00,,http://cdn.askfavor.com/orders/17704565/image-5ccccf6f715c4.jpg,$13.53,$1.87,22.1,11.1,10.7
489,,,17703745,2019-05-03 17:31:50,Bill Miller BBQ - 8700 U.S. 290,,,,http://cdn.askfavor.com/orders/17703745/image-5cccc90a9b206.jpg,$21.04,$2.92,8.6,13.6,16.0
490,,,17703233,2019-05-03 17:21:24,Bill Miller BBQ - 1651 West Whitestone Boulevard,,,,http://cdn.askfavor.com/orders/17703233/image-5cccc52090d5a.jpg,$30.34,$4.20,20.2,8.1,12.6
491,,,17703127,2019-05-03 17:18:53,Bill Miller BBQ - 14718 North Interstate 35 Frontage Road,,,,http://cdn.askfavor.com/orders/17703127/image-5cccc34f91a32.jpg,$20.27,$2.81,10.2,18.2,0.0
492,,,17702192,2019-05-03 16:51:45,Bill Miller BBQ - 136 West Slaughter Lane,,,,http://cdn.askfavor.com/orders/17702192/image-5cccbd33706e6.jpg,$15.16,$2.10,15.0,28.1,1.7
493,,,17702189,2019-05-03 16:51:27,Laguna Madre Seafood Company - 18195 U.S. 281,,,,http://cdn.askfavor.com/orders/17702189/image-5cccbe265e0f3.jpg,$9.19,$1.27,19.3,5.2,17.4
494,,,17700601,2019-05-03 15:39:49,Bill Miller BBQ - 14718 North Interstate 35 Frontage Road,,,,http://cdn.askfavor.com/orders/17700601/image-5ccca8b05e348.jpg,$8.39,$1.16,4.3,6.7,16.5
495,,,17700113,2019-05-03 15:16:22,Bill Miller BBQ - 136 West Slaughter Lane,5.00,5.00,,http://cdn.askfavor.com/orders/17700113/image-5ccca88059f6b.jpg,$11.34,$1.57,10.1,18.2,8.0
496,,,17700077,2019-05-03 15:14:30,Bill Miller BBQ - 136 West Slaughter Lane,,,,http://cdn.askfavor.com/orders/17700077/image-5ccca2f18c27a.jpg,$14.29,$1.98,5.0,5.8,14.7
497,,,17699553,2019-05-03 14:44:19,Bill Miller BBQ - 8103 Burnet Road,,,,http://cdn.askfavor.com/orders/17699553/image-5ccc9bc61038f.jpg,$15.91,$2.20,0.7,10.6,13.5
498,,,17699052,2019-05-03 14:20:09,Laguna Madre Seafood Company - 10614 Westover Hills Boulevard,,,,http://cdn.askfavor.com/orders/17699052/image-5ccc97be6459c.jpg,$18.24,$2.53,13.3,1.5,5.8
499,,,17697915,2019-05-03 13:27:12,Laguna Madre Seafood Company - 18195 U.S. 281,,,,http://cdn.askfavor.com/orders/17697915/image-5ccc8bee9b16f.jpg,$10.54,$1.46,13.1,3.8,10.8
500,,,17697598,2019-05-03 13:15:53,Bill Miller BBQ - 14718 North Interstate 35 Frontage Road,5.00,5.00,,http://cdn.askfavor.com/orders/17697598/image-5ccc8b6eda02d.jpg,$25.44,$3.53,7.4,5.0,24.5
